Sampling_code,Date_Time_of_arrival,Date_Time_of_testing,Date_Time_of_incubation,Sample_Name,Sample_Mass_g,Buffer_Volume_mL,Total_Bag_Mass,Bag_Mass,Notes
1221_A,"2021_12_15, 11:02AM",2021_12_15_11:45AM,"2021_12_15, 3:00PM",H_1,23.56,225,,,
1221_A,"2021_12_15, 11:02AM",2021_12_15_11:45AM,"2021_12_15, 3:00PM",H_2,24.07,225,,,
1221_A,"2021_12_15, 11:02AM",2021_12_15_11:45AM,"2021_12_15, 3:00PM",H_3,24.32,225,,,
1221_A,"2021_12_21, 11:21AM",2021_12_21_1:15PM,"2021_12_21, 3:30PM",DI_1,25.45,220.75,37.52,12.07,Buffer leak
1221_A,"2021_12_21, 11:21AM",2021_12_21_1:15PM,"2021_12_21, 3:30PM",DI_2,25.77,221.58,37.87,12.1,Buffer leak
1221_A,"2021_12_21, 11:21AM",2021_12_21_1:15PM,"2021_12_21, 3:30PM",DI_3,28.2,227.1,40.28,12.08,
1221_A,"2021_12_21, 11:21AM","2021_12_23, 1:15PM","2021_12_23, ~3:15PM",D7_1,25.42,207,37.52,12.1,
1221_A,"2021_12_21, 11:21AM","2021_12_23, 1:15PM","2021_12_23, ~3:15PM",D7_2,26.17,204.11,38.27,12.1,
1221_A,"2021_12_21, 11:21AM","2021_12_23, 1:15PM","2021_12_23, ~3:15PM",D7_3,25.19,200.26,37.28,12.09,
1221_A,"2021_12_21, 11:21AM","2021_12_28, 1:15PM","2021_12_28, 3:00PM",D12_1,25.52,201.44,37.68,12.16,
1221_A,"2021_12_21, 11:21AM","2021_12_28, 1:15PM","2021_12_28, 3:00PM",D12_2,25.98,202.48,38.13,12.15,
1221_A,"2021_12_21, 11:21AM","2021_12_28, 1:15PM","2021_12_28, 3:00PM",D12_3,26.89,210.86,39,12.11,
1221_A,"2021_12_21, 11:21AM","2022_1_2, 1:00PM","2021_1_2, 3:00PM",D17_1,25.17,200.59,37.23,12.06,
1221_A,"2021_12_21, 11:21AM","2022_1_2, 1:00PM","2021_1_2, 3:00PM",D17_2,25.79,203.98,37.89,12.1,
1221_A,"2021_12_21, 11:21AM","2022_1_2, 1:00PM","2021_1_2, 3:00PM",D17_3,25.17,198.62,37.29,12.12,
1221_A,"2021_12_21, 11:21AM","2022_1_7, 12:30PM","2022_1_7, 3:10PM",D22_1,25.47,199.11,37.55,12.08,
1221_A,"2021_12_21, 11:21AM","2022_1_7, 12:30PM","2022_1_7, 3:10PM",D22_2,27.29,199.39,39.4,12.11,
1221_A,"2021_12_21, 11:21AM","2022_1_7, 12:30PM","2022_1_7, 3:10PM",D22_3,25.55,195.27,37.62,12.07,"Buffer leak, final buffer volume: 195.27"
0122_A,"2022_1_11, 11:30am","2022_1_11, 12:45PM","2022_1_11, 4:00PM",DI_1,25.22,202.44,37.34,12.12,
0122_A,"2022_1_11, 11:30am","2022_1_11, 12:45PM","2022_1_11, 4:00PM",DI_2,25.35,205.57,37.45,12.1,
0122_A,"2022_1_11, 11:30am","2022_1_11, 12:45PM","2022_1_11, 4:00PM",DI_3,25.64,199.21,37.81,12.17,
0122_A,"2022_1_11, 11:30am","2022_1_14, 1:00pm","2022_1_14, ~4:00pm",D7_1,25.26,218.15,37.38,12.12,
0122_A,"2022_1_11, 11:30am","2022_1_14, 1:00pm","2022_1_14, ~4:00pm",D7_2,25.55,200.95,37.62,12.07,
0122_A,"2022_1_11, 11:30am","2022_1_14, 1:00pm","2022_1_14, ~4:00pm",D7_3,25.19,201.09,37.21,12.02,
0122_A,"2022_1_11, 11:30am","2022_1_19, 1:30pm","2022_1_19, ~4:00pm",D12_1,24.98,199.04,36.91,11.93,
0122_A,"2022_1_11, 11:30am","2022_1_19, 1:30pm","2022_1_19, ~4:00pm",D12_2,25.58,199.76,37.44,11.86,
0122_A,"2022_1_11, 11:30am","2022_1_19, 1:30pm","2022_1_19, ~4:00pm",D12_3,25.14,200.91,37.14,12,
0122_A,"2022_1_11, 11:30am","2022_1_24, 1:15PM","2022_1_24, 3:45PM",D17_1,24.81,202.73,36.88,12.07,
0122_A,"2022_1_11, 11:30am","2022_1_24, 1:15PM","2022_1_24, 3:45PM",D17_2,24.81,198.56,36.86,12.05,
0122_A,"2022_1_11, 11:30am","2022_1_24, 1:15PM","2022_1_24, 3:45PM",D17_3,25.02,205.38,37.12,12.1,
0122_A,"2022_1_11, 11:30am","2022_1_29, 1:30PM","2022_1_29, 4:45PM",D22_1,24.86,213.92,36.99,12.13,
0122_A,"2022_1_11, 11:30am","2022_1_29, 1:30PM","2022_1_29, 4:45PM",D22_2,24.68,199.16,36.81,12.13,
0122_A,"2022_1_11, 11:30am","2022_1_29, 1:30PM","2022_1_29, 4:45PM",D22_3,25.15,201.11,37.3,12.15,
0122_B,"2022_1_11, 11:30am","2022_1_11, 1:00pm","2022_1_11, ~4:00pm",H_1,25.98,199.95,,,
0122_B,"2022_1_11, 11:30am","2022_1_11, 1:00pm","2022_1_11, ~4:00pm",H_2,24.78,205.14,,,
0122_B,"2022_1_11, 11:30am","2022_1_11, 1:00pm","2022_1_11, ~4:00pm",H_3,25.08,205.74,,,
0122_B,"2022_1_19, 11:45am","2022_1_19, 1:30pm","2022_1_19, 4:00pm",DI_1,26.78,201.85,38.83,12.05,
0122_B,"2022_1_19, 11:45am","2022_1_19, 1:30pm","2022_1_19, 4:00pm",DI_2,25.28,202.93,37.4,12.12,
0122_B,"2022_1_19, 11:45am","2022_1_19, 1:30pm","2022_1_19, 4:00pm",DI_3,27.53,204.83,39.67,12.14,
0122_B,"2022_1_19, 11:45am","2022_1_21, 11:45AM","2022_1_21, 1:45PM",D7_1,26.06,202.98,38.21,12.15,
0122_B,"2022_1_19, 11:45am","2022_1_21, 11:45AM","2022_1_21, 1:45PM",D7_2,24.13,200.2,36.27,12.14,
0122_B,"2022_1_19, 11:45am","2022_1_21, 11:45AM","2022_1_21, 1:45PM",D7_3,24.38,201.47,36.46,12.08,
0122_B,"2022_1_19, 11:45am","2022_1_26,1:20PM","2022_1_26, 2:45PM",D12_1,26.89,205.31,38.94,12.05,
0122_B,"2022_1_19, 11:45am","2022_1_26,1:20PM","2022_1_26, 2:45PM",D12_2,25.53,198.74,37.68,12.15,
0122_B,"2022_1_19, 11:45am","2022_1_26,1:20PM","2022_1_26, 2:45PM",D12_3,24.65,199.62,36.76,12.11,
0122_B,"2022_1_19, 11:45am","2022_1_31, 1:10PM","2022_1_31, 2:30PM",D17_1,25.99,198.82,38.08,12.09,
0122_B,"2022_1_19, 11:45am","2022_1_31, 1:10PM","2022_1_31, 2:30PM",D17_2,26.37,198.92,38.47,12.1,
0122_B,"2022_1_19, 11:45am","2022_1_31, 1:10PM","2022_1_31, 2:30PM",D17_3,25.72,207.45,37.8,12.08,
0122_B,"2022_1_19, 11:45am","2022_2_5, 1:30PM","2022_2_5, 3:50PM",D22_1,24.96,200.28,37.02,12.06,
0122_B,"2022_1_19, 11:45am","2022_2_5, 1:30PM","2022_2_5, 3:50PM",D22_2,24.58,201.41,36.58,12,
0122_B,"2022_1_19, 11:45am","2022_2_5, 1:30PM","2022_2_5, 3:50PM",D22_3,26.28,208.18,38.29,12.01,
0222_A,"2022_02_08, 10:47AM","2022_02_08, 11:15PM","2022_02_08, 12:45PM",H_1,25.2,200,37.29,12.09,
0222_A,"2022_02_08, 10:47AM","2022_02_08, 11:15PM","2022_02_08, 12:45PM",H_2,25.91,196.98,37.98,12.07,
0222_A,"2022_02_08, 10:47AM","2022_02_08, 11:15PM","2022_02_08, 12:45PM",H_3,25.23,201.01,37.4,12.17,
0222_A,"2022_02_18, 10:26AM","2022_02_18, 11:20AM","2022_02_18, 2:00PM",DI_1,23.99,203.18,36.06,12.07,
0222_A,"2022_02_18, 10:26AM","2022_02_18, 11:20AM","2022_02_18, 2:00PM",DI_2,24.31,200.61,36.32,12.01,
0222_A,"2022_02_18, 10:26AM","2022_02_18, 11:20AM","2022_02_18, 2:00PM",DI_3,24.86,200.26,36.95,12.09,
0222_A,"2022_02_18, 10:26AM","2022_02_23, 1:10PM","2022_02_23, ~3:00PM",D7_1,24.02,205.75,36.1,12.08,
0222_A,"2022_02_18, 10:26AM","2022_02_23, 1:10PM","2022_02_23, ~3:00PM",D7_2,24.08,201.21,36.06,11.98,
0222_A,"2022_02_18, 10:26AM","2022_02_23, 1:10PM","2022_02_23, ~3:00PM",D7_3,24.57,201.05,36.59,12.02,
0222_A,"2022_02_18, 10:26AM","2022_02_28, 1:30PM","2022_02_28, 2:45PM",D12_1,24.34,203.08,36.33,11.99,
0222_A,"2022_02_18, 10:26AM","2022_02_28, 1:30PM","2022_02_28, 2:45PM",D12_2,24.45,205.42,36.52,12.07,
0222_A,"2022_02_18, 10:26AM","2022_02_28, 1:30PM","2022_02_28, 2:45PM",D12_3,24.18,204.18,36.24,12.06,
0222_A,"2022_02_18, 10:26AM","2022_03_05, 3:05PM","2022_03_05, ~5:30PM",D17_1,23.63,200.3,35.67,12.04,
0222_A,"2022_02_18, 10:26AM","2022_03_05, 3:05PM","2022_03_05, ~5:30PM",D17_2,24.21,202.24,36.28,12.07,
0222_A,"2022_02_18, 10:26AM","2022_03_05, 3:05PM","2022_03_05, ~5:30PM",D17_3,24.28,201.94,36.26,11.98,
0222_A,"2022_02_18, 10:26AM","2022_03_10, 1:00PM","2022_03_10, 3:30PM",D22_1,23.59,200.47,35.67,12.08,
0222_A,"2022_02_18, 10:26AM","2022_03_10, 1:00PM","2022_03_10, 3:30PM",D22_2,23.82,202.68,35.8,11.98,Buffer spill
0222_A,"2022_02_18, 10:26AM","2022_03_10, 1:00PM","2022_03_10, 3:30PM",D22_3,23.93,210.49,35.85,11.92,
0222_B,"2022_02_19, 1:00PM","2022_02_19, 1:30PM","2022_02_19, 3:45PM",H_1,26.74,199.46,,,Picked up samples from Fedex on Warren road
0222_B,"2022_02_19, 1:00PM","2022_02_19, 1:30PM","2022_02_19, 3:45PM",H_2,26.3,203.03,,,Picked up samples from Fedex on Warren road
0222_B,"2022_02_19, 1:00PM","2022_02_19, 1:30PM","2022_02_19, 3:45PM",H_3,26.34,204.42,,,Picked up samples from Fedex on Warren road
0222_B,"2022_03_03, 10:50AM","2022_03_03, 12:50PM","2022_03_03, 2:00PM",DI_1,24.87,236.47,37.13,12.26,
0222_B,"2022_03_03, 10:50AM","2022_03_03, 12:50PM","2022_03_03, 2:00PM",DI_2,25.11,201.18,37.22,12.11,
0222_B,"2022_03_03, 10:50AM","2022_03_03, 12:50PM","2022_03_03, 2:00PM",DI_3,26,199.66,38,12,
0222_B,"2022_03_03, 10:50AM","2022_03_08, 12:45PM","2022_03_08, ~1:50PM",D7_1,25.01,201.96,37.09,12.08,
0222_B,"2022_03_03, 10:50AM","2022_03_08, 12:45PM","2022_03_08, ~1:50PM",D7_2,25.36,201.54,37.47,12.11,
0222_B,"2022_03_03, 10:50AM","2022_03_08, 12:45PM","2022_03_08, ~1:50PM",D7_3,24.93,211.31,36.94,12.01,
0222_B,"2022_03_03, 10:50AM","2022_03_13, 12:25PM","2022_03_13, 2:25PM",D12_1,25.58,201.66,37.76,12.18,
0222_B,"2022_03_03, 10:50AM","2022_03_13, 12:25PM","2022_03_13, 2:25PM",D12_2,24.53,199.35,36.61,12.08,
0222_B,"2022_03_03, 10:50AM","2022_03_13, 12:25PM","2022_03_13, 2:25PM",D12_3,24.53,199.57,36.61,12.08,
0222_B,"2022_03_03, 10:50AM","2022_03_18, ~2:00PM","2022_03_18, ~4:15PM",D17_1,24.79,209.1,36.85,12.06,
0222_B,"2022_03_03, 10:50AM","2022_03_18, ~2:00PM","2022_03_18, ~4:15PM",D17_2,25.81,198.62,37.84,12.03,
0222_B,"2022_03_03, 10:50AM","2022_03_18, ~2:00PM","2022_03_18, ~4:15PM",D17_3,25.18,198.38,37.19,12.01,
0222_B,"2022_03_03, 10:50AM","2022_03_23, 12:00PM","2022_03_23, time not recorded",D22_1,24.61,204.11,36.63,12.02,
0222_B,"2022_03_03, 10:50AM","2022_03_23, 12:00PM","2022_03_23, time not recorded",D22_2,24.6,212.47,36.66,12.06,
0222_B,"2022_03_03, 10:50AM","2022_03_23, 12:00PM","2022_03_23, time not recorded",D22_3,25.25,200.75,37.3,12.05,
0222_B,NA,"2022_03_23, 12:00PM","2022_03_23, time not recorded",D22_NC,0,200.76,,,
0322_A,"2022_03_08, 10:25AM","2022_03_08, 11:15AM","2022_03_08, 12:30PM",H_1,25.23,211.83,,,~3mL of buffer spilled out during stomaching 
0322_A,"2022_03_08, 10:25AM","2022_03_08, 11:15AM","2022_03_08, 12:30PM",H_2,25.77,197.74,,,~2mL of buffer spilled out during stomaching 
0322_A,"2022_03_08, 10:25AM","2022_03_08, 11:15AM","2022_03_08, 12:30PM",H_3,25.45,198.95,,,
0322_A,"2022_03_18, 10:30AM","2022_03_18, 12:00PM","2022_03_18, 1:50PM",DI_1,25.78,198.82,37.81,12.03,
0322_A,"2022_03_18, 10:30AM","2022_03_18, 12:00PM","2022_03_18, 1:50PM",DI_2,26.14,202.98,38.21,12.07,
0322_A,"2022_03_18, 10:30AM","2022_03_18, 12:00PM","2022_03_18, 1:50PM",DI_3,26.73,199.32,38.84,12.11,
0322_A,"2022_03_18, 10:30AM","2022_03_23, 2:15PM","2022_03_23, 4:30PM",D7_1,25.5,203.48,37.52,12.02,
0322_A,"2022_03_18, 10:30AM","2022_03_23, 2:15PM","2022_03_23, 4:30PM",D7_2,25.07,202.84,37.2,12.13,
0322_A,"2022_03_18, 10:30AM","2022_03_23, 2:15PM","2022_03_23, 4:30PM",D7_3,26.1,198.58,38.12,12.02,
0322_A,NA,"2022_03_23, 2:15PM","2022_03_23, 4:30PM",D7_NC,0,201.03,,,
0322_A,"2022_03_18, 10:30AM","2022_03_28, 12:30PM","2022_03_28, 2:30PM",D12_1,26.42,204.97,38.48,12.06,
0322_A,"2022_03_18, 10:30AM","2022_03_28, 12:30PM","2022_03_28, 2:30PM",D12_2,25.6,199.34,37.7,12.1,
0322_A,"2022_03_18, 10:30AM","2022_03_28, 12:30PM","2022_03_28, 2:30PM",D12_3,25.49,218.91,37.6,12.11,
0322_A,NA,"2022_03_28, 12:30PM","2022_03_28, 2:30PM",D12_NC,0,204.67,,,
0322_A,"2022_03_18, 10:30AM","2022_04_02, 12:30PM","2022_04_02, 2:50PM",D17_1,25.05,203.08,37.07,12.02,
0322_A,"2022_03_18, 10:30AM","2022_04_02, 12:30PM","2022_04_02, 2:50PM",D17_2,25.65,200.12,37.75,12.1,
0322_A,"2022_03_18, 10:30AM","2022_04_02, 12:30PM","2022_04_02, 2:50PM",D17_3,25.88,203.18,38,12.12,
0322_A,NA,"2022_04_02, 12:30PM","2022_04_02, 2:50PM",D17_NC,0,203.77,,,
0322_A,"2022_03_18, 10:30AM","2022_04_07, 12:30PM","2022_04_07, 1:50PM",D22_1,24.93,205.37,37.01,12.08,
0322_A,"2022_03_18, 10:30AM","2022_04_07, 12:30PM","2022_04_07, 1:50PM",D22_2,24.92,203.97,37.01,12.09,
0322_A,"2022_03_18, 10:30AM","2022_04_07, 12:30PM","2022_04_07, 1:50PM",D22_3,25.93,202.45,37.98,12.05,
0322_A,NA,"2022_04_07, 12:30PM",NA,D22_NC,,199.28,,,
0322_B,"2022_03_15, 10:30AM","2022_03_15, 11:00AM","2022_03_15, ~12:30PM",H_1,26.04,200.13,,,
0322_B,"2022_03_15, 10:30AM","2022_03_15, 11:00AM","2022_03_15, ~12:30PM",H_2,25.57,209.37,,,
0322_B,"2022_03_15, 10:30AM","2022_03_15, 11:00AM","2022_03_15, ~12:30PM",H_3,25.08,202.04,,,
0322_B,"2022_03_24, 10:40AM","2022_03_24, 12:00PM","2022_03_24, 2:30PM",DI_1,25.4,200.43,37.46,12.06,
0322_B,"2022_03_24, 10:40AM","2022_03_24, 12:00PM","2022_03_24, 2:30PM",DI_2,26.47,199.37,38.68,12.21,
0322_B,"2022_03_24, 10:40AM","2022_03_24, 12:00PM","2022_03_24, 2:30PM",DI_3,26.035,201.5,38.17,12.135,Forgot to take down empty bag mass. Approximated to be average of the other two bags tested: (12.06 + 12.21)/2
0322_B,NA,"2022_03_24, 12:00PM",NA,DI_NC,,202.94,,,
0322_B,"2022_03_24, 10:40AM","2022_03_29, 12:10PM","2022_03_29, ~1:45PM",D7_1,,200.6,,12.16,Total bag mass not recorded
0322_B,"2022_03_24, 10:40AM","2022_03_29, 12:10PM","2022_03_29, ~1:45PM",D7_2,,200.24,,12.07,Total bag mass not recorded
0322_B,"2022_03_24, 10:40AM","2022_03_29, 12:10PM","2022_03_29, ~1:45PM",D7_3,,200.74,,12.115,Total bag mass not recorded; The empty bag mass was not recorded on the bag. The empty bag mass was approximated by averaging the bag mass of the other two bags tested on this day 
0322_B,NA,"2022_03_29, 12:10PM",NA,D7_NC,,202.38,,12.01,
0322_B,"2022_03_24, 10:40AM","2022_04_03, 12:15PM","2022_04_03, 2:30PM",D12_1,25.13,202.69,37.22,12.09,
0322_B,"2022_03_24, 10:40AM","2022_04_03, 12:15PM","2022_04_03, 2:30PM",D12_2,25.26,205.04,37.29,12.03,
0322_B,"2022_03_24, 10:40AM","2022_04_03, 12:15PM","2022_04_03, 2:30PM",D12_3,25.32,201.61,37.37,12.05,
0322_B,NA,"2022_04_03, 12:15PM",NA,D12_NC,0,204.85,,,
0322_B,"2022_03_24, 10:40AM","2022_04_08, 11:30AM","2022_04_08, 12:45PM",D17_1,25.94,204.17,38.06,12.12,
0322_B,"2022_03_24, 10:40AM","2022_04_08, 11:30AM","2022_04_08, 12:45PM",D17_2,26.07,211.93,38.18,12.11,
0322_B,"2022_03_24, 10:40AM","2022_04_08, 11:30AM","2022_04_08, 12:45PM",D17_3,25.68,198.9,37.7,12.02,
0322_B,NA,"2022_04_08, 11:30AM",NA,D17_NC,0,199.43,,,
0322_B,"2022_03_24, 10:40AM","2022_04_13, 12:30PM","2022_04_13, 2:15PM",D22_1,25.3,205.68,37.41,12.11,
0322_B,"2022_03_24, 10:40AM","2022_04_13, 12:30PM","2022_04_13, 2:15PM",D22_2,25.12,200.18,37.11,11.99,
0322_B,"2022_03_24, 10:40AM","2022_04_13, 12:30PM","2022_04_13, 2:15PM",D22_3,26.08,200.33,38.09,12.01,
0322_B,NA,"2022_04_13, 12:30PM",NA,D22_NC,0,205.08,,,
0422_A,"2022_04_06, 10:23AM","2022_04_06, 11:00AM","2022_04_06, 1:10PM",H_1,25.92,214.69,,,"~2.79 mL of buffer spilled from the bag during stomaching. This was calculated by assuming the bag weight was 12g. Adding the mass of the sample, bag and buffer (25.92 + 217.48 + 12) and substracting the new total mass of the sample, bag and buffer (252.61g) from this. The volume lost, 2.79mL, was subtracted from the initial buffer mass (217.48) to get the final buffer mass: 214.69"
0422_A,"2022_04_06, 10:23AM","2022_04_06, 11:00AM","2022_04_06, 1:10PM",H_2,25.58,201.65,,,
0422_A,"2022_04_06, 10:23AM","2022_04_06, 11:00AM","2022_04_06, 1:10PM",H_3,25.6,199.37,,,
0422_A,NA,"2022_04_06, 11:00AM",NA,H_NC,0,206.45,,,
0422_A,"2022_04_26, ~10:30AM","2022_04_26, 11:45 AM","2022_04_26, 1:10PM",DI_1,,202.01,37.99,12.07,
0422_A,"2022_04_26, ~10:30AM","2022_04_26, 11:45 AM","2022_04_26, 1:10PM",DI_2,,202.02,38.44,11.91,
0422_A,"2022_04_26, ~10:30AM","2022_04_26, 11:45 AM","2022_04_26, 1:10PM",DI_3,,201.35,37.96,11.81,
0422_A,"2022_04_26, ~10:30AM","2022_04_26, 11:45 AM","2022_04_26, 1:10PM",DI_NC,,202.65,,,
0422_A,"2022_04_26, ~10:30AM","2022_04_30, 12:10PM","2022_04_30, 2:35PM",D7_1,,204.24,37.59,12.08,
0422_A,"2022_04_26, ~10:30AM","2022_04_30, 12:10PM","2022_04_30, 2:35PM",D7_2,,199.21,37.64,11.84,
0422_A,"2022_04_26, ~10:30AM","2022_04_30, 12:10PM","2022_04_30, 2:35PM",D7_3,,203.94,37.27,12.08,
0422_A,"2022_04_26, ~10:30AM","2022_04_30, 12:10PM","2022_04_30, 2:35PM",D7_NC,0,207.04,,,
0422_A,"2022_04_26, ~10:30AM","2022_05_07, 11:15AM","2022_05_07, 2:00PM",D12_1,,203.4,37.62,12.07,
0422_A,"2022_04_26, ~10:30AM","2022_05_07, 11:15AM","2022_05_07, 2:00PM",D12_2,,202.74,37.2,11.95,
0422_A,"2022_04_26, ~10:30AM","2022_05_07, 11:15AM","2022_05_07, 2:00PM",D12_3,,201.28,37.35,11.88,
0422_A,"2022_04_26, ~10:30AM","2022_05_07, 11:15AM","2022_05_07, 2:00PM",D12_NC,0,213.66,,,
0422_A,"2022_04_26, ~10:30AM","2022_05_14, 11:05AM","2022_05_14, 1:30PM",D17_1,,207.66,37.93,12.27,
0422_A,"2022_04_26, ~10:30AM","2022_05_14, 11:05AM","2022_05_14, 1:30PM",D17_2,,199.95,37.64,12.01,
0422_A,"2022_04_26, ~10:30AM","2022_05_14, 11:05AM","2022_05_14, 1:30PM",D17_3,,202.6,37.93,11.99,
0422_A,"2022_04_26, ~10:30AM","2022_05_14, 11:05AM","2022_05_14, 1:30PM",D17_NC,0,201.77,,,
0422_B,"2022_04_20, 10:18AM","2022_04_20, 11:00AM","2022_04_20, 12:20PM",H_1,25.87,200.55,,,
0422_B,"2022_04_20, 10:18AM","2022_04_20, 11:00AM","2022_04_20, 12:20PM",H_2,25.86,199.54,,,
0422_B,"2022_04_20, 10:18AM","2022_04_20, 11:00AM","2022_04_20, 12:20PM",H_3,25.22,217.2,,,
0422_B,NA,"2022_04_20, 11:00AM",NA,H_NC,,200,,,"Forgot to take down the actual buffer volume. Assuming it is 200mL, based on the instructions in the protocol to measure 200mL of buffer"
0422_B,"2022_05_04, 10:26AM","2022_05_04, 1:10PM",2022_05_04,DI_1,,199.56,37.71,12.08,
0422_B,"2022_05_04, 10:26AM","2022_05_04, 1:10PM",2022_05_04,DI_2,,199.94,37.47,12.03,
0422_B,"2022_05_04, 10:26AM","2022_05_04, 1:10PM",2022_05_04,DI_3,,204.68,37.92,11.99,
0422_B,"2022_05_04, 10:26AM","2022_05_04, 1:10PM",2022_05_04,DI_NC,,199.04,,,
0422_B,"2022_05_04, 10:26AM","2022_05_06, 11:10AM","2022_05_06, 1:05PM",D7_1,,202.13,37.54,12.06,
0422_B,"2022_05_04, 10:26AM","2022_05_06, 11:10AM","2022_05_06, 1:05PM",D7_2,,200.31,37.73,12.06,
0422_B,"2022_05_04, 10:26AM","2022_05_06, 11:10AM","2022_05_06, 1:05PM",D7_3,,199.71,38.26,12.09,
0422_B,"2022_05_04, 10:26AM","2022_05_06, 11:10AM","2022_05_06, 1:05PM",D7_NC,,204.54,NA,NA,
0422_B,"2022_05_04, 10:26AM","2022_05_13, 11:10AM","2022_05_13, 12:45PM",D12_1,,199.59,37.27,12.12,
0422_B,"2022_05_04, 10:26AM","2022_05_13, 11:10AM","2022_05_13, 12:45PM",D12_2,,201.82,37.13,12.07,
0422_B,"2022_05_04, 10:26AM","2022_05_13, 11:10AM","2022_05_13, 12:45PM",D12_3,,210.26,37.1,12.06,
0422_B,"2022_05_04, 10:26AM","2022_05_13, 11:10AM","2022_05_13, 12:45PM",D12_NC,,204.99,NA,NA,
0522_A,"2022_05_03, 11:16AM","2022_05_03, 5:15PM","2022_05_03, 7:10PM",H_1,25.4,199.07,NA,NA,
0522_A,"2022_05_03, 11:16AM","2022_05_03, 5:15PM","2022_05_03, 7:10PM",H_2,25.61,199.88,NA,NA,
0522_A,"2022_05_03, 11:16AM","2022_05_03, 5:15PM","2022_05_03, 7:10PM",H_3,25.5,208.15,NA,NA,
0522_A,"2022_05_03, 11:16AM","2022_05_03, 5:15PM","2022_05_03, 7:10PM",H_NC,,207.43,NA,NA,
0522_A,"2022_05_12, 10:10AM","2022_05_12, 12:40PM","2022_05_12, 3:40PM",DI_1,,207.62,37.56,12.18,
0522_A,"2022_05_12, 10:10AM","2022_05_12, 12:40PM","2022_05_12, 3:40PM",DI_2,,212.73,37.19,12.1,
0522_A,"2022_05_12, 10:10AM","2022_05_12, 12:40PM","2022_05_12, 3:40PM",DI_3,,200.8,37.82,12.07,
0522_A,"2022_05_12, 10:10AM","2022_05_12, 12:40PM","2022_05_12, 3:40PM",DI_NC,,200.97,,,
0522_A,"2022_05_12, 10:10AM","2022_05_17, 11:15AM","2022_05_17, 12:30PM",D7_1,,203.79,38.04,12.13,
0522_A,"2022_05_12, 10:10AM","2022_05_17, 11:15AM","2022_05_17, 12:30PM",D7_2,,201.25,37.81,12.16,
0522_A,"2022_05_12, 10:10AM","2022_05_17, 11:15AM","2022_05_17, 12:30PM",D7_3,,202.33,37.71,12.12,
0522_A,"2022_05_12, 10:10AM","2022_05_17, 11:15AM","2022_05_17, 12:30PM",D7_NC,,200.65,,,
0522_B,"2022_05_10, 10:13AM","2022_05_10, 11:09AM","2022_05_10, ~1:30PM",H_1,,200,37.56,12.13,
0522_B,"2022_05_10, 10:13AM","2022_05_10, 11:09AM","2022_05_10, ~1:30PM",H_2,,200.04,37.48,12.06,
0522_B,"2022_05_10, 10:13AM","2022_05_10, 11:09AM","2022_05_10, ~1:30PM",H_3,,202.72,37.58,12.09,
0522_B,"2022_05_10, 10:13AM","2022_05_10, 11:09AM","2022_05_10, ~1:30PM",H_NC,,202.61,NA,NA,
0522_B,"2022_05_20, 10:21AM","2022_05_20, 11:30AM","2022_05_20, 12:35",DI_1,,210.37,37.02,12.06,
0522_B,"2022_05_20, 10:21AM","2022_05_20, 11:30AM","2022_05_20, 12:36",DI_2,,201,37.93,12.15,
0522_B,"2022_05_20, 10:21AM","2022_05_20, 11:30AM","2022_05_20, 12:37",DI_3,,199.28,37.43,12.12,
0522_B,"2022_05_20, 10:21AM","2022_05_20, 11:30AM","2022_05_20, 12:38",DI_NC,,203.21,NA,NA,
0522_B,"2022_05_20, 10:21AM","2022_05_25, 11:00AM","2022_05_25, 12:30PM",D7_1,,200.16,38.17,12.09,
0522_B,"2022_05_20, 10:21AM","2022_05_25, 11:00AM","2022_05_25, 12:30PM",D7_2,,203.53,37.38,12.06,
0522_B,"2022_05_20, 10:21AM","2022_05_25, 11:00AM","2022_05_25, 12:30PM",D7_3,,204.7,38.81,12.15,
0522_B,"2022_05_20, 10:21AM","2022_05_25, 11:00AM","2022_05_25, 12:30PM",D7_NC,,202.54,NA,NA,
0522_B,"2022_05_20, 10:21AM","2022_06_01, 11:15AM","2022_06_01, 12:45PM",D12_1,,206.69,37.83,12.14,
0522_B,"2022_05_20, 10:21AM","2022_06_01, 11:15AM","2022_06_01, 12:45PM",D12_2,,200.63,37.1,12.21,
0522_B,"2022_05_20, 10:21AM","2022_06_01, 11:15AM","2022_06_01, 12:45PM",D12_3,,199.78,37.61,12.19,
0522_B,"2022_05_20, 10:21AM","2022_06_01, 11:15AM","2022_06_01, 12:45PM",D12_NC,,200.14,NA,NA,
0522_B,"2022_05_20, 10:21AM","2022_06_08, 11:55AM","2022_06_08, 1:30PM",D17_1,,229.18,37.08,12.13,
0522_B,"2022_05_20, 10:21AM","2022_06_08, 11:55AM","2022_06_08, 1:30PM",D17_2,,204.21,38.63,12.18,
0522_B,"2022_05_20, 10:21AM","2022_06_08, 11:55AM","2022_06_08, 1:30PM",D17_3,,199.36,37.15,12.1,
0522_B,"2022_05_20, 10:21AM","2022_06_08, 11:55AM","2022_06_08, 1:30PM",D17_NC,,198.99,NA,NA,
0522_B,"2022_05_20, 10:21AM","2022_06_15, 11:00AM","2022_06_15, 12:45PM",D22_1,,199.41,36.91,12.03,
0522_B,"2022_05_20, 10:21AM","2022_06_15, 11:00AM","2022_06_15, 12:45PM",D22_2,,199.85,37.47,12.07,
0522_B,"2022_05_20, 10:21AM","2022_06_15, 11:00AM","2022_06_15, 12:45PM",D22_3,,202.07,36.69,12.04,
0522_B,"2022_05_20, 10:21AM","2022_06_15, 11:00AM","2022_06_15, 12:45PM",D22_NC,,204.48,,,
0522_C,"2022_05_27, 10:11AM","2022_05_27, 12:45PM","2022_05_27, 1:50PM",H_1,,200.24,37.64,12.18,
0522_C,"2022_05_27, 10:11AM","2022_05_27, 12:45PM","2022_05_27, 1:50PM",H_2,,207.62,37.66,12.18,
0522_C,"2022_05_27, 10:11AM","2022_05_27, 12:45PM","2022_05_27, 1:50PM",H_3,,209.04,38.58,12.16,
0522_C,"2022_05_27, 10:11AM","2022_05_27, 12:45PM","2022_05_27, 1:50PM",H_NC,,201.78,NA,NA,
0522_C,"2022_06_07, 10:13AM","2022_06_07, 11:40AM","2022_06_07, 1:30PM",DI_1,,201.06,37.42,12.25,
0522_C,"2022_06_07, 10:13AM","2022_06_07, 11:40AM","2022_06_07, 1:30PM",DI_2,,199.91,37.3,12.18,
0522_C,"2022_06_07, 10:13AM","2022_06_07, 11:40AM","2022_06_07, 1:30PM",DI_3,,201,37.27,12.18,
0522_C,"2022_06_07, 10:13AM","2022_06_07, 11:40AM","2022_06_07, 1:30PM",DI_NC,,198.02,NA,NA,
0522_C,"2022_06_07, 10:13AM","2022_06_11, 11:05AM","2022_06_11, 1:15PM",D7_1,,199.46,37.4,12.17,
0522_C,"2022_06_07, 10:13AM","2022_06_11, 11:05AM","2022_06_11, 1:15PM",D7_2,,206,37.44,12.14,
0522_C,"2022_06_07, 10:13AM","2022_06_11, 11:05AM","2022_06_11, 1:15PM",D7_3,,206.85,37.74,12.13,
0522_C,"2022_06_07, 10:13AM","2022_06_11, 11:05AM","2022_06_11, 1:15PM",D7_NC,,201.66,NA,NA,
0522_C,"2022_06_07, 10:13AM","2022_06_18, 11:00AM","2022_06_18, 12:50PM",D12_1,,201.92,37.4,12.13,
0522_C,"2022_06_07, 10:13AM","2022_06_18, 11:00AM","2022_06_18, 12:50PM",D12_2,,207.77,37.31,12.21,
0522_C,"2022_06_07, 10:13AM","2022_06_18, 11:00AM","2022_06_18, 12:50PM",D12_3,,199.06,37.84,12.15,
0522_C,"2022_06_07, 10:13AM","2022_06_18, 11:00AM","2022_06_18, 12:50PM",D12_NC,,203.18,NA,NA,
0522_C,"2022_06_07, 10:13AM","2022_06_25, 11:10AM","2022_06_25, 1:10PM",D17_1,,201.44,37.6,12.24,
0522_C,"2022_06_07, 10:13AM","2022_06_25, 11:10AM","2022_06_25, 1:10PM",D17_2,,199.98,37.28,12.22,
0522_C,"2022_06_07, 10:13AM","2022_06_25, 11:10AM","2022_06_25, 1:10PM",D17_3,,199.68,37.11,12.17,
0522_C,"2022_06_07, 10:13AM","2022_06_25, 11:10AM","2022_06_25, 1:10PM",D17_NC,,199.54,NA,NA,
0522_C,"2022_06_07, 10:13AM","2022_07_02, 10:00 AM","2022_07_02, 11:45 AM",D22_1,,202.44,36.99,12.22,
0522_C,"2022_06_07, 10:13AM","2022_07_02, 10:00 AM","2022_07_02, 11:45 AM",D22_2,,200.19,37.23,12.2,
0522_C,"2022_06_07, 10:13AM","2022_07_02, 10:00 AM","2022_07_02, 11:45 AM",D22_3,,199.63,37.44,12.08,
0522_C,"2022_06_07, 10:13AM","2022_07_02, 10:00 AM","2022_07_02, 11:45 AM",D22_NC,,222.29,NA,NA,
0622_A,"2022_06_07, 10:13AM","2022_06_07, 11:40AM","2022_06_07, 1:30PM",H_1,,206.41,37.13,12.03,
0622_A,"2022_06_07, 10:13AM","2022_06_07, 11:40AM","2022_06_07, 1:30PM",H_2,,208.78,37.56,12.16,
0622_A,"2022_06_07, 10:13AM","2022_06_07, 11:40AM","2022_06_07, 1:30PM",H_3,,201.53,36.97,11.73,
0622_A,"2022_06_07, 10:13AM","2022_06_07, 11:40AM","2022_06_07, 1:30PM",H_NC,,205.95,NA,NA,
0622_A,"2022_06_21, 10:27AM","2022_06_21, 11:45AM","2022_06_21, 12:50PM",DI_1,,199.73,36.57,12.17,
0622_A,"2022_06_21, 10:27AM","2022_06_21, 11:45AM","2022_06_21, 12:50PM",DI_2,,203.46,37.27,12,
0622_A,"2022_06_21, 10:27AM","2022_06_21, 11:45AM","2022_06_21, 12:50PM",DI_3,,198.01,36.64,12.11,
0622_A,"2022_06_21, 10:27AM","2022_06_21, 11:45AM","2022_06_21, 12:50PM",DI_NC,,203.84,NA,NA,
0622_A,"2022_06_21, 10:27AM","2022_06_23, 11:15AM","2022_06_23, 12:50",D7_1,,200.26,36.3,12.11,
0622_A,"2022_06_21, 10:27AM","2022_06_23, 11:15AM","2022_06_23, 12:50",D7_2,,211.65,36.57,12.16,
0622_A,"2022_06_21, 10:27AM","2022_06_23, 11:15AM","2022_06_23, 12:50",D7_3,,214.01,36.84,12.06,
0622_A,"2022_06_21, 10:27AM","2022_06_23, 11:15AM","2022_06_23, 12:50",D7_NC,,199.59,NA,NA,
0622_A,"2022_06_21, 10:27AM","2022_06_30,11:00 AM","2022_06_30, 12:30 PM",D12_1,,202.31,37.43,12.09,
0622_A,"2022_06_21, 10:27AM","2022_06_30,11:00 AM","2022_06_30, 12:30 PM",D12_2,,202.39,37.5,12.09,
0622_A,"2022_06_21, 10:27AM","2022_06_30,11:00 AM","2022_06_30, 12:30 PM",D12_3,,205.94,37.14,12.09,
0622_A,"2022_06_21, 10:27AM","2022_06_30,11:00 AM","2022_06_30, 12:30 PM",D12_NC,,215.92,NA,NA,
0622_A,"2022_06_21, 10:27AM","2022_07_07, 9:00 AM","2022_07_07, 10:45 AM",D17_1,,199.62,35.56,12.21,
0622_A,"2022_06_21, 10:27AM","2022_07_07, 9:00 AM","2022_07_07, 10:45 AM",D17_2,,201.86,37.08,12.08,
0622_A,"2022_06_21, 10:27AM","2022_07_07, 9:00 AM","2022_07_07, 10:45 AM",D17_3,,200.7,36.72,12.14,
0622_A,"2022_06_21, 10:27AM","2022_07_07, 9:00 AM","2022_07_07, 10:45 AM",D17_NC,,201.71,NA,NA,
0622_A,"2022_06_21, 10:27AM","2022_07_14, 9:05AM","2022_07_14, 10:15AM",D22_1,,198.66,36.76,12.08,
0622_A,"2022_06_21, 10:27AM","2022_07_14, 9:05AM","2022_07_14, 10:15AM",D22_2,,200.52,35.95,12.17,
0622_A,"2022_06_21, 10:27AM","2022_07_14, 9:05AM","2022_07_14, 10:15AM",D22_3,,203.34,36.15,12.13,
0622_A,"2022_06_21, 10:27AM","2022_07_14, 9:05AM","2022_07_14, 10:15AM",D22_NC,,198.32,,,
0622_B,"2022_06_14, 10:25AM","2022_06_14, 11:05AM","2022_06_14, 12:10PM",H_1,,204.41,37.87,12.12,
0622_B,"2022_06_14, 10:25AM","2022_06_14, 11:05AM","2022_06_14, 12:10PM",H_2,,200.04,37.49,12.16,
0622_B,"2022_06_14, 10:25AM","2022_06_14, 11:05AM","2022_06_14, 12:10PM",H_3,,200.3,37.48,12.21,
0622_B,"2022_06_14, 10:25AM","2022_06_14, 11:05AM","2022_06_14, 12:10PM",H_NC,,210.53,NA,NA,
0622_B,"2022_06_28, 10:02AM","2022_06_28, 2:00 PM","2022_06_28, 3:30 PM",DI_1,,199.17,37.17,12.24,
0622_B,"2022_06_28, 10:02AM","2022_06_28, 2:00 PM","2022_06_28, 3:30 PM",DI_2,,200.79,37.59,12.25,
0622_B,"2022_06_28, 10:02AM","2022_06_28, 2:00 PM","2022_06_28, 3:30 PM",DI_3,,199,37.48,12.16,
0622_B,"2022_06_28, 10:02AM","2022_06_28, 2:00 PM","2022_06_28, 3:30 PM",DI_NC,,200.12,NA,NA,
0622_B,"2022_06_28, 10:02AM","2022_07_02, 8:30 AM","2022_07_02, 11:00 AM",D7_1,,199.38,38.91,12.08,
0622_B,"2022_06_28, 10:02AM","2022_07_02, 8:30 AM","2022_07_02, 11:00 AM",D7_2,,199.44,37.28,12.09,
0622_B,"2022_06_28, 10:02AM","2022_07_02, 8:30 AM","2022_07_02, 11:00 AM",D7_3,,199.94,37.56,12.05,
0622_B,"2022_06_28, 10:02AM","2022_07_02, 8:30 AM","2022_07_02, 11:00 AM",D7_NC,,199.47,NA,NA,
0622_B,"2022_06_28, 10:02AM","2022_07_07, 9:00 AM","2022_07_07, 10:45 AM",D12_1,,205.17,37.4,12.1,
0622_B,"2022_06_28, 10:02AM","2022_07_07, 9:00 AM","2022_07_07, 10:45 AM",D12_2,,201.35,37.09,12.1,
0622_B,"2022_06_28, 10:02AM","2022_07_07, 9:00 AM","2022_07_07, 10:45 AM",D12_3,,201.64,37.47,12.05,
0622_B,"2022_06_28, 10:02AM","2022_07_07, 9:00 AM","2022_07_07, 10:45 AM",D12_NC,,200.85,NA,NA,
0622_B,"2022_06_28, 10:02AM","2022_07_12, 10:30 AM","2022_07_12, 12:30PM",D17_1,,200.1,37.41,12.02,
0622_B,"2022_06_28, 10:02AM","2022_07_12, 10:30 AM","2022_07_12, 12:30PM",D17_2,,204.56,37.47,12.08,
0622_B,"2022_06_28, 10:02AM","2022_07_12, 10:30 AM","2022_07_12, 12:30PM",D17_3,,202.86,37.49,12.14,
0622_B,"2022_06_28, 10:02AM","2022_07_12, 10:30 AM","2022_07_12, 12:30PM",D17_NC,,220.44,NA,NA,
0622_B,"2022_06_28, 10:02AM","2022_07_17, 8:55AM","2022_07_17, 11:00AM",D22_1,,203.66,37.34,12.22,
0622_B,"2022_06_28, 10:02AM","2022_07_17, 8:55AM","2022_07_17, 11:00AM",D22_2,,199.93,37.5,12.06,
0622_B,"2022_06_28, 10:02AM","2022_07_17, 8:55AM","2022_07_17, 11:00AM",D22_3,,201.58,37.49,12.16,
0622_B,"2022_06_28, 10:02AM","2022_07_17, 8:55AM","2022_07_17, 11:00AM",D22_NC,,200.17,NA,NA,
0722_A,"2022_07_12, 9:57AM","2022_07_12, 10:30 AM","2022_07_12, 12:20PM",H_1,,213.31,38.07,12.16,
0722_A,"2022_07_12, 9:57AM","2022_07_12, 10:30 AM","2022_07_12, 12:20PM",H_2,,199.16,37.51,12.15,
0722_A,"2022_07_12, 9:57AM","2022_07_12, 10:30 AM","2022_07_12, 12:20PM",H_3,,202.09,37.67,12.23,
0722_A,"2022_07_12, 9:57AM","2022_07_12, 10:30 AM","2022_07_12, 12:20PM",H_NC,,217.07,NA,NA,
0722_A,"2022_07_26, 10:07AM","2022_07_26, 11:15 AM","2022_07_26, 1:15 PM",DI_1,,201.94,37.15,12.16,
0722_A,"2022_07_26, 10:07AM","2022_07_26, 11:15 AM","2022_07_26, 1:15 PM",DI_2,,203.09,37.21,12.24,
0722_A,"2022_07_26, 10:07AM","2022_07_26, 11:15 AM","2022_07_26, 1:15 PM",DI_3,,208.07,37.59,12.21,
0722_A,"2022_07_26, 10:07AM","2022_07_26, 11:15 AM","2022_07_26, 1:15 PM",DI_NC,,203.09,NA,NA,
0722_A,"2022_07_26, 10:07AM","2022_07_28, 10:00 AM","2022_07_28, 1:30 PM",D7_1,,200.87,37.17,12.18,
0722_A,"2022_07_26, 10:07AM","2022_07_28, 10:00 AM","2022_07_28, 1:30 PM",D7_2,,200.09,37.91,12.2,
0722_A,"2022_07_26, 10:07AM","2022_07_28, 10:00 AM","2022_07_28, 1:30 PM",D7_3,,200.84,36.77,12.03,
0722_A,"2022_07_26, 10:07AM","2022_07_28, 10:00 AM","2022_07_28, 1:30 PM",D7_NC,,200.59,NA,NA,
0722_A,"2022_07_26, 10:07AM","2022_08_02, 9:15 AM","2022_08_02, 11:30 AM",D12_1,,200.02,38.5,12.1,
0722_A,"2022_07_26, 10:07AM","2022_08_02, 9:15 AM","2022_08_02, 11:30 AM",D12_2,,201.67,37.8,12.12,
0722_A,"2022_07_26, 10:07AM","2022_08_02, 9:15 AM","2022_08_02, 11:30 AM",D12_3,,200.16,36.78,12.05,
0722_A,"2022_07_26, 10:07AM","2022_08_02, 9:15 AM","2022_08_02, 11:30 AM",D12_NC,,199.71,NA,NA,
0722_A,"2022_07_26, 10:07AM","2022_08_07, 8:45AM","2022_08_07, 10:50AM",D17_1,,200.28,38.2,12.16,
0722_A,"2022_07_26, 10:07AM","2022_08_07, 8:45AM","2022_08_07, 10:50AM",D17_2,,199.13,37.74,12.19,
0722_A,"2022_07_26, 10:07AM","2022_08_07, 8:45AM","2022_08_07, 10:50AM",D17_3,,203.28,38.19,12.2,
0722_A,"2022_07_26, 10:07AM","2022_08_07, 8:45AM","2022_08_07, 10:50AM",D17_NC,,199.99,NA,NA,
0722_A,"2022_07_26, 10:07AM","2022_08_12, 8:40AM","2022_08_12, 10:30AM",D22_1,,202.88,37.35,12.15,
0722_A,"2022_07_26, 10:07AM","2022_08_12, 8:40AM","2022_08_12, 10:30AM",D22_2,,199.02,37.1,12.18,
0722_A,"2022_07_26, 10:07AM","2022_08_12, 8:40AM","2022_08_12, 10:30AM",D22_3,,200.75,37.48,12.26,
0722_A,"2022_07_26, 10:07AM","2022_08_12, 8:40AM","2022_08_12, 10:30AM",D22_NC,,200.03,NA,NA,
0722_B,"2022_07_19, 10:05AM","2022_07_19, 10:45AM","2022_07_19, 1:00PM",H_1,,206.02,38.14,12.16,Samples stored on farm for 4 days before shipping to Ithaca
0722_B,"2022_07_19, 10:05AM","2022_07_19, 10:45AM","2022_07_19, 1:00PM",H_2,,215.17,37.87,12.17,Samples stored on farm for 4 days before shipping to Ithaca
0722_B,"2022_07_19, 10:05AM","2022_07_19, 10:45AM","2022_07_19, 1:00PM",H_3,,203.94,37.44,12.11,Samples stored on farm for 4 days before shipping to Ithaca
0722_B,"2022_07_19, 10:05AM","2022_07_19, 10:45AM","2022_07_19, 1:00PM",H_NC,,201.73,NA,NA,Samples stored on farm for 4 days before shipping to Ithaca
0822_A,"2022_08_09, 10:10AM","2022_08_09, 11:00AM","2022_08_09, 12:45PM",H_1,,212.9,37.39,12.08,
0822_A,"2022_08_09, 10:10AM","2022_08_09, 11:00AM","2022_08_09, 12:45PM",H_2,,210.36,37.42,12.19,
0822_A,"2022_08_09, 10:10AM","2022_08_09, 11:00AM","2022_08_09, 12:45PM",H_3,,203.57,37.79,12.1,
0822_A,"2022_08_09, 10:10AM",NA,NA,H_NC,,220.67,NA,NA,
0822_A,"2022_08_16, 10:06AM","2022_08_16, 11:00 AM","2022_08_16, 12:30 PM",DI_1,,197.92,37.31,11.97,
0822_A,"2022_08_16, 10:06AM","2022_08_16, 11:00 AM","2022_08_16, 12:30 PM",DI_2,,201.68,37.14,12.09,
0822_A,"2022_08_16, 10:06AM","2022_08_16, 11:00 AM","2022_08_16, 12:30 PM",DI_3,,199.44,37.29,12.02,
0822_A,"2022_08_16, 10:06AM","2022_08_16, 11:00 AM","2022_08_16, 12:30 PM",DI_NC,,199.85,NA,NA,
0822_A,"2022_08_16, 10:06AM","2022_08_19, 9:00 AM","2022_08_19, 11:00 AM",D7_1,,203.14,37.43,12.15,
0822_A,"2022_08_16, 10:06AM","2022_08_19, 9:00 AM","2022_08_19, 11:00 AM",D7_2,,200.32,38.24,12.14,
0822_A,"2022_08_16, 10:06AM","2022_08_19, 9:00 AM","2022_08_19, 11:00 AM",D7_3,,201.86,37.83,12.06,
0822_A,"2022_08_16, 10:06AM","2022_08_19, 9:00 AM","2022_08_19, 11:00 AM",D7_NC,,201.96,NA,NA,
0822_A,"2022_08_16, 10:06AM","2022_08_24, 9:15 AM","2022_08_24, 11:00 AM",D12_1,,216.62,38.01,12.18,Dropped the cap of the culture tube into the whirlpak bag before taking out any of the samples
0822_A,"2022_08_16, 10:06AM","2022_08_24, 9:15 AM","2022_08_24, 11:00 AM",D12_2,,203.95,38.19,12.07,
0822_A,"2022_08_16, 10:06AM","2022_08_24, 9:15 AM","2022_08_24, 11:00 AM",D12_3,,205.2,36.93,12.22,
0822_A,"2022_08_16, 10:06AM","2022_08_24, 9:15 AM","2022_08_24, 11:00 AM",D12_NC,,211.3,NA,NA,
0822_A,"2022_08_16, 10:06AM","2022_08_29, 9:10AM","2022_08_29, 11:00AM",D17_1,,198.07,37.58,12.05,
0822_A,"2022_08_16, 10:06AM","2022_08_29, 9:10AM","2022_08_29, 11:00AM",D17_2,,208.85,37.72,12.16,
0822_A,"2022_08_16, 10:06AM","2022_08_29, 9:10AM","2022_08_29, 11:00AM",D17_3,,204,37.81,12.17,
0822_A,"2022_08_16, 10:06AM","2022_08_29, 9:10AM","2022_08_29, 11:00AM",D17_NC,,200.58,NA,NA,
0822_A,"2022_08_16, 10:06AM","2022_09_03, 10:30AM","2022_09_03, 12:45PM",D22_1,,199.5,37.42,12.13,
0822_A,"2022_08_16, 10:06AM","2022_09_03, 10:30AM","2022_09_03, 12:45PM",D22_2,,200.19,37.45,12.18,
0822_A,"2022_08_16, 10:06AM","2022_09_03, 10:30AM","2022_09_03, 12:45PM",D22_3,,219.79,37.53,12.11,
0822_A,"2022_08_16, 10:06AM","2022_09_03, 10:30AM","2022_09_03, 12:45PM",D22_NC,,200.73,NA,NA,
0822_B,"09_01_2022, 10:40 AM","2022_09_01, 11:30 AM","2022_09_01, 1:00PM",DI_1,,203.55,37.5,12.13,
0822_B,"09_01_2022, 10:40 AM","2022_09_01, 11:30 AM","2022_09_01, 1:00PM",DI_2,,206.52,37.59,12.2,
0822_B,"09_01_2022, 10:40 AM","2022_09_01, 11:30 AM","2022_09_01, 1:00PM",DI_3,,204.33,37.96,11.97,
0822_B,"09_01_2022, 10:40 AM","2022_09_01, 11:30 AM","2022_09_01, 1:00PM",DI_NC,,201.98,NA,NA,
0822_B,"09_01_2022, 10:40 AM","2022_09_07, 9:15AM","2022_09_07, ~11:00AM",D7_1,,201.61,37.08,12.08,
0822_B,"09_01_2022, 10:40 AM","2022_09_07, 9:15AM","2022_09_07, ~11:00AM",D7_2,,199.74,37.53,12.16,
0822_B,"09_01_2022, 10:40 AM","2022_09_07, 9:15AM","2022_09_07, ~11:00AM",D7_3,,200.11,37.74,12.68,
0822_B,"09_01_2022, 10:40 AM","2022_09_07, 9:15AM","2022_09_07, ~11:00AM",D7_NC,,204.2,NA,NA,
0822_B,"09_01_2022, 10:40 AM","2022_09_12, 9:00AM","2022_09_12, 10:10AM",D12_1,,201.2,37.53,12.18,
0822_B,"09_01_2022, 10:40 AM","2022_09_12, 9:00AM","2022_09_12, 10:10AM",D12_2,,203,37.29,11.94,
0822_B,"09_01_2022, 10:40 AM","2022_09_12, 9:00AM","2022_09_12, 10:10AM",D12_3,,201.65,36.45,12.15,
0822_B,"09_01_2022, 10:40 AM","2022_09_12, 9:00AM","2022_09_12, 10:10AM",D12_NC,,201.15,NA,NA,
0822_B,"09_01_2022, 10:40 AM","2022_09_17, 9:30AM","2022_09_17,11:25AM",D17_1,,199.74,37.42,12.13,
0822_B,"09_01_2022, 10:40 AM","2022_09_17, 9:30AM","2022_09_17,11:25AM",D17_2,,204.57,37.91,11.74,
0822_B,"09_01_2022, 10:40 AM","2022_09_17, 9:30AM","2022_09_17,11:25AM",D17_3,,199.76,36.06,12.55,
0822_B,"09_01_2022, 10:40 AM","2022_09_17, 9:30AM","2022_09_17,11:25AM",D17_NC,,201.76,NA,NA,
0822_B,"09_01_2022, 10:40 AM","2022_09_22, 7:20AM","2022_09_22, 9:40AM",D22_1,,206.9,37.79,12.15,
0822_B,"09_01_2022, 10:40 AM","2022_09_22, 7:20AM","2022_09_22, 9:40AM",D22_2,,199.1,37.9,12.01,
0822_B,"09_01_2022, 10:40 AM","2022_09_22, 7:20AM","2022_09_22, 9:40AM",D22_3,,199.89,37.79,12.1,
0822_B,"09_01_2022, 10:40 AM","2022_09_22, 7:20AM","2022_09_22, 9:40AM",D22_NC,,199.75,NA,NA,
0922_A,"2022_09_13, 10:15AM","2022_09_13, 11:00AM","2022_09_13, 12:35PM",H_1,25.21,203.3,,,
0922_A,"2022_09_13, 10:15AM","2022_09_13, 11:00AM","2022_09_13, 12:35PM",H_2,25.15,204.1,,,
0922_A,"2022_09_13, 10:15AM","2022_09_13, 11:00AM","2022_09_13, 12:35PM",H_3,25.95,204.04,,,
0922_A,"2022_09_13, 10:15AM","2022_09_13, 11:00AM","2022_09_13, 12:35PM",H_NC,NA,202.11,,,
0922_A,"2022_09_20, 10:15AM","2022_09_20, 11:54AM","2022_09_20, 1:20PM",DI_1,,209.63,37.72,12.12,
0922_A,"2022_09_20, 10:15AM","2022_09_20, 11:54AM","2022_09_20, 1:20PM",DI_2,,210.13,37.27,12.08,
0922_A,"2022_09_20, 10:15AM","2022_09_20, 11:54AM","2022_09_20, 1:20PM",DI_3,,201.71,37.4,12.09,
0922_A,"2022_09_20, 10:15AM","2022_09_20, 11:54AM","2022_09_20, 1:20PM",DI_NC,,201.98,NA,NA,
0922_A,"2022_09_20, 10:15AM","2022_09_24, 9:00AM","2022_09_24, 10:30AM",D7_1,,201.49,37.22,12.05,
0922_A,"2022_09_20, 10:15AM","2022_09_24, 9:00AM","2022_09_24, 10:30AM",D7_2,,212.93,37.66,12.13,
0922_A,"2022_09_20, 10:15AM","2022_09_24, 9:00AM","2022_09_24, 10:30AM",D7_3,,204.15,37.47,12.12,
0922_A,"2022_09_20, 10:15AM","2022_09_24, 9:00AM","2022_09_24, 10:30AM",D7_NC,,199.95,NA,NA,
0922_A,"2022_09_20, 10:15AM","2022_09_29, 7:15AM","2022_09_29, 9:45AM",D12_1,,198.98,37.65,12.04,
0922_A,"2022_09_20, 10:15AM","2022_09_29, 7:15AM","2022_09_29, 9:45AM",D12_2,,198.72,38.01,12.12,
0922_A,"2022_09_20, 10:15AM","2022_09_29, 7:15AM","2022_09_29, 9:45AM",D12_3,,198.14,37.53,12.1,
0922_A,"2022_09_20, 10:15AM","2022_09_29, 7:15AM","2022_09_29, 9:45AM",D12_NC,,201.35,NA,NA,~4mL of buffer spilled from bag while stomaching. The final buffer volume in bag (after spill) is noted down in the Buffer Volume column
0922_A,"2022_09_20, 10:15AM","2022_10_04, 7:10AM","2022_10_04, 9:30AM",D17_1,,201.4,37.41,11.95,
0922_A,"2022_09_20, 10:15AM","2022_10_04, 7:10AM","2022_10_04, 9:30AM",D17_2,,200.76,37.8,12.04,
0922_A,"2022_09_20, 10:15AM","2022_10_04, 7:10AM","2022_10_04, 9:30AM",D17_3,,199.27,37.43,12.04,
0922_A,"2022_09_20, 10:15AM","2022_10_04, 7:10AM","2022_10_04, 9:30AM",D17_NC,,200.41,NA,NA,
0922_A,"2022_09_20, 10:15AM","2022_10_09, 8:25AM","2022_10_09, 10:45AM",D22_1,,200.68,37.21,12.03,
0922_A,"2022_09_20, 10:15AM","2022_10_09, 8:25AM","2022_10_09, 10:45AM",D22_2,,201.75,37.05,12.21,
0922_A,"2022_09_20, 10:15AM","2022_10_09, 8:25AM","2022_10_09, 10:45AM",D22_3,,201.57,37.17,12.2,
0922_A,"2022_09_20, 10:15AM","2022_10_09, 8:25AM","2022_10_09, 10:45AM",D22_NC,,200.55,NA,NA,
0922_B,"2022_09_29, 9:46AM","2022_09_29, 11:30AM","2022_09_29, 1:45PM",H_1,,203.71,37.6,11.99,
0922_B,"2022_09_29, 9:46AM","2022_09_29, 11:30AM","2022_09_29, 1:45PM",H_2,,202.15,37.62,12.03,
0922_B,"2022_09_29, 9:46AM","2022_09_29, 11:30AM","2022_09_29, 1:45PM",H_3,,202.24,37.19,12.03,
0922_B,"2022_09_29, 9:46AM","2022_09_29, 11:30AM","2022_09_29, 1:45PM",H_NC,,,NA,NA,
0922_B,"2022_09_27, 10:28AM","2022_09_27, 12:25PM","2022_09_27, 1:40PM",DI_1,,201.59,37.44,12.07,
0922_B,"2022_09_27, 10:28AM","2022_09_27, 12:25PM","2022_09_27, 1:40PM",DI_2,,214.84,37.86,12.15,
0922_B,"2022_09_27, 10:28AM","2022_09_27, 12:25PM","2022_09_27, 1:40PM",DI_3,,210.78,37.37,12.17,
0922_B,"2022_09_27, 10:28AM","2022_09_27, 12:25PM","2022_09_27, 1:40PM",DI_NC,,206.66,NA,NA,
0922_B,"2022_09_27, 10:28AM","2022_10_01, 8:55AM","2022_10_01, 10:20AM",D7_1,,206.77,37.92,12.15,
0922_B,"2022_09_27, 10:28AM","2022_10_01, 8:55AM","2022_10_01, 10:20AM",D7_2,,198.38,37.28,12.21,
0922_B,"2022_09_27, 10:28AM","2022_10_01, 8:55AM","2022_10_01, 10:20AM",D7_3,,201.76,38.04,12.2,
0922_B,"2022_09_27, 10:28AM","2022_10_01, 8:55AM","2022_10_01, 10:20AM",D7_NC,,200.83,NA,NA,
0922_B,"2022_09_27, 10:28AM","2022_10_06, 6:50AM","2022_10_06, 8:50AM",D12_1,,200.01,37.56,12.35,
0922_B,"2022_09_27, 10:28AM","2022_10_06, 6:50AM","2022_10_06, 8:50AM",D12_2,,202.89,37.34,12.22,
0922_B,"2022_09_27, 10:28AM","2022_10_06, 6:50AM","2022_10_06, 8:50AM",D12_3,,220.21,37.76,12.26,
0922_B,"2022_09_27, 10:28AM","2022_10_06, 6:50AM","2022_10_06, 8:50AM",D12_NC,,200.98,NA,NA,
0922_B,"2022_09_27, 10:28AM","2022_10_11, 9:15AM","2022_10_11, 10:15 AM",D17_1,,201.15,37.26,12.13,
0922_B,"2022_09_27, 10:28AM","2022_10_11, 9:15AM","2022_10_11, 10:15 AM",D17_2,,200.77,37.52,12.23,
0922_B,"2022_09_27, 10:28AM","2022_10_11, 9:15AM","2022_10_11, 10:15 AM",D17_3,,200.41,37.61,12.22,
0922_B,"2022_09_27, 10:28AM","2022_10_11, 9:15AM","2022_10_11, 10:15 AM",D17_NC,,200.99,NA,NA,
0922_B,"2022_09_27, 10:28AM","2022_10_16, 8:55AM","2022_10_16, 11:10AM",D22_1,,200.87,37.41,12.14,
0922_B,"2022_09_27, 10:28AM","2022_10_16, 8:55AM","2022_10_16, 11:10AM",D22_2,,200.05,37.49,12.24,
0922_B,"2022_09_27, 10:28AM","2022_10_16, 8:55AM","2022_10_16, 11:10AM",D22_3,,199.69,37.2,12.15,
0922_B,"2022_09_27, 10:28AM","2022_10_16, 8:55AM","2022_10_16, 11:10AM",D22_NC,,205.1,NA,NA,
1022_A,"2022_10_05, 10:42AM","2022_10_05, 11:30AM","2022_10_05, 12:40PM",H_1,,205.57,36.69,12.2,
1022_A,"2022_10_05, 10:42AM","2022_10_05, 11:30AM","2022_10_05, 12:40PM",H_2,,206.59,37.45,12.08,
1022_A,"2022_10_05, 10:42AM","2022_10_05, 11:30AM","2022_10_05, 12:40PM",H_3,,201.78,37.15,12.07,
1022_A,"2022_10_05, 10:42AM","2022_10_05, 11:30AM","2022_10_05, 12:40PM",H_NC,,202.77,NA,NA,
1022_A,"2022_10_15, 10:40AM","2022_10_15, 12:15PM","2022_10_15, 2:45PM",DI_1,,200.82,37.58,12.1,
1022_A,"2022_10_15, 10:40AM","2022_10_15, 12:15PM","2022_10_15, 2:45PM",DI_2,,199.67,36.94,12.03,
1022_A,"2022_10_15, 10:40AM","2022_10_15, 12:15PM","2022_10_15, 2:45PM",DI_3,,204.95,37.79,12.07,
1022_A,"2022_10_15, 10:40AM","2022_10_15, 12:15PM","2022_10_15, 2:45PM",DI_NC,,200.71,NA,NA,
1022_A,"2022_10_15, 10:40AM","2022_10_20, 7:20AM","2022_10_20, 9:00AM",D7_1,,201.89,37.07,11.97,
1022_A,"2022_10_15, 10:40AM","2022_10_20, 7:20AM","2022_10_20, 9:00AM",D7_2,,206.64,37.51,11.92,
1022_A,"2022_10_15, 10:40AM","2022_10_20, 7:20AM","2022_10_20, 9:00AM",D7_3,,228.12,38,11.92,
1022_A,"2022_10_15, 10:40AM","2022_10_20, 7:20AM","2022_10_20, 9:00AM",D7_NC,,201.28,NA,NA,
1022_A,"2022_10_15, 10:40AM","2022_10_25, 8:30AM","2022_10_25, 10:35AM",D12_1,,199.92,37.13,11.91,
1022_A,"2022_10_15, 10:40AM","2022_10_25, 8:30AM","2022_10_25, 10:35AM",D12_2,,213.72,37.31,11.97,
1022_A,"2022_10_15, 10:40AM","2022_10_25, 8:30AM","2022_10_25, 10:35AM",D12_3,,199.37,36.87,11.94,
1022_A,"2022_10_15, 10:40AM","2022_10_25, 8:30AM","2022_10_25, 10:35AM",D12_NC,,199.09,NA,NA,
1022_A,"2022_10_15, 10:40AM","2022_10_30, 9:00AM","2022_10_30, 11:00AM",D17_1,,198.97,38.86,12.06,
1022_A,"2022_10_15, 10:40AM","2022_10_30, 9:00AM","2022_10_30, 11:00AM",D17_2,,229.97,37.02,12.1,
1022_A,"2022_10_15, 10:40AM","2022_10_30, 9:00AM","2022_10_30, 11:00AM",D17_3,,199.36,37.18,12.05,
1022_A,"2022_10_15, 10:40AM","2022_10_30, 9:00AM","2022_10_30, 11:00AM",D17_NC,,201.98,NA,NA,
1022_A,"2022_10_15, 10:40AM","2022_11_4, 9:00 AM","2022_11_04, 10:10AM",D22_1,,203.82,37.13,12.06,
1022_A,"2022_10_15, 10:40AM","2022_11_4, 9:00 AM","2022_11_04, 10:10AM",D22_2,,198.24,38.1,12.11,
1022_A,"2022_10_15, 10:40AM","2022_11_4, 9:00 AM","2022_11_04, 10:10AM",D22_3,,209.5,37.54,12.08,
1022_A,"2022_10_15, 10:40AM","2022_11_4, 9:00 AM","2022_11_04, 10:10AM",D22_NC,,198.28,NA,NA,
1022_B,"2022_10_19, 10:23AM","2022_10_19, 11:15AM","2022_10_19, 1:00PM",H_1,,211.92,35.56,12.14,
1022_B,"2022_10_19, 10:23AM","2022_10_19, 11:15AM","2022_10_19, 1:00PM",H_2,,201.9,37.23,12.16,
1022_B,"2022_10_19, 10:23AM","2022_10_19, 11:15AM","2022_10_19, 1:00PM",H_3,,199.66,37.34,12.07,
1022_B,"2022_10_19, 10:23AM","2022_10_19, 11:15AM","2022_10_19, 1:00PM",H_NC,,200.01,NA,NA,
1022_B,"2022_10_25, 10:16AM","2022_10_25, 12:00PM","2022_10_25, 1:10PM",DI_1,,201.47,37.24,12.07,
1022_B,"2022_10_25, 10:16AM","2022_10_25, 12:00PM","2022_10_25, 1:10PM",DI_2,,201.3,37.29,12.18,
1022_B,"2022_10_25, 10:16AM","2022_10_25, 12:00PM","2022_10_25, 1:10PM",DI_3,,198.08,37.47,12.08,
1022_B,"2022_10_25, 10:16AM","2022_10_25, 12:00PM","2022_10_25, 1:10PM",DI_NC,,201.86,NA,NA,
1022_B,"2022_10_25, 10:16AM","2022_10_29, 9:18AM","2022_10_29, 11:30AM",D7_1,,199.18,37.27,12.11,
1022_B,"2022_10_25, 10:16AM","2022_10_29, 9:18AM","2022_10_29, 11:30AM",D7_2,,200.2,37.53,12.02,
1022_B,"2022_10_25, 10:16AM","2022_10_29, 9:18AM","2022_10_29, 11:30AM",D7_3,,201.63,37.35,12.06,
1022_B,"2022_10_25, 10:16AM","2022_10_29, 9:18AM","2022_10_29, 11:30AM",D7_NC,,200.39,NA,NA,
1022_B,"2022_10_25, 10:16AM","2022_11_03, 7:30AM",,D12_1,,200.3,36.96,12.06,
1022_B,"2022_10_25, 10:16AM","2022_11_03, 7:30AM",,D12_2,,199.4,37.64,12.03,
1022_B,"2022_10_25, 10:16AM","2022_11_03, 7:30AM",,D12_3,,198.46,37.19,12.06,
1022_B,"2022_10_25, 10:16AM","2022_11_03, 7:30AM",,D12_NC,,204.25,NA,NA,
1022_B,"2022_10_25, 10:16AM","2022_11_08, 9:05AM","2022_11_08, 11:15AM",D17_1,,204.77,37.06,12.01,
1022_B,"2022_10_25, 10:16AM","2022_11_08, 9:05AM","2022_11_08, 11:15AM",D17_2,,201.38,37.44,12.07,
1022_B,"2022_10_25, 10:16AM","2022_11_08, 9:05AM","2022_11_08, 11:15AM",D17_3,,201.27,37.53,12.02,
1022_B,"2022_10_25, 10:16AM","2022_11_08, 9:05AM","2022_11_08, 11:15AM",D17_NC,,200.78,NA,NA,
1022_B,"2022_10_25, 10:16AM","2022_11_13, 8:55AM","2022_11_13, 11:08AM",D22_1,,201.94,37.82,12,
1022_B,"2022_10_25, 10:16AM","2022_11_13, 8:55AM","2022_11_13, 11:08AM",D22_2,,203.01,37.3,12,
1022_B,"2022_10_25, 10:16AM","2022_11_13, 8:55AM","2022_11_13, 11:08AM",D22_3,,208.63,37.19,12.07,
1022_B,"2022_10_25, 10:16AM","2022_11_13, 8:55AM","2022_11_13, 11:08AM",D22_NC,,198.24,NA,NA,
1122_A,"2022_11_12, 10:45AM","2022_11_12, 11:30AM","2022_11_12, 1:12PM",DI_1,,217.09,37.4,12.02,
1122_A,"2022_11_12, 10:45AM","2022_11_12, 11:30AM","2022_11_12, 1:12PM",DI_2,,205.78,37.18,12.12,
1122_A,"2022_11_12, 10:45AM","2022_11_12, 11:30AM","2022_11_12, 1:12PM",DI_3,,203.25,37.22,12.07,
1122_A,"2022_11_12, 10:45AM","2022_11_12, 11:30AM","2022_11_12, 1:12PM",DI_NC,,201.73,NA,NA,
1122_A,"2022_11_12, 10:45AM","2022_11_16, 9:00AM","2022_11_16, time not recorded",D7_1,,197.99,37.33,12.05,
1122_A,"2022_11_12, 10:45AM","2022_11_16, 9:00AM","2022_11_16, time not recorded",D7_2,,198.99,37.25,12.01,
1122_A,"2022_11_12, 10:45AM","2022_11_16, 9:00AM","2022_11_16, time not recorded",D7_3,,200.04,37.53,12,
1122_A,"2022_11_12, 10:45AM","2022_11_16, 9:00AM","2022_11_16, time not recorded",D7_NC,,199.07,NA,NA,
1122_A,"2022_11_12, 10:45AM","2022_11_21, 8:50AM","2022_11_21, 10:10AM",D12_1,,200.44,37.63,12.12,
1122_A,"2022_11_12, 10:45AM","2022_11_21, 8:50AM","2022_11_21, 10:10AM",D12_2,,198.28,37.26,12.2,
1122_A,"2022_11_12, 10:45AM","2022_11_21, 8:50AM","2022_11_21, 10:10AM",D12_3,,197.81,37.39,12.16,
1122_A,"2022_11_12, 10:45AM","2022_11_21, 8:50AM","2022_11_21, 10:10AM",D12_NC,,198.31,NA,NA,
1122_A,"2022_11_12, 10:45AM","2022_11_26, 8:50AM","2022_11_26, 11:00AM",D17_1,,207.01,37.34,12.04,
1122_A,"2022_11_12, 10:45AM","2022_11_26, 8:50AM","2022_11_26, 11:00AM",D17_2,,202.35,37.08,12.03,
1122_A,"2022_11_12, 10:45AM","2022_11_26, 8:50AM","2022_11_26, 11:00AM",D17_3,,198.21,37.12,12.08,
1122_A,"2022_11_12, 10:45AM","2022_11_26, 8:50AM","2022_11_26, 11:00AM",D17_NC,,199.78,NA,NA,
1122_A,"2022_11_12, 10:45AM","2022_12_01, 7:30AM","2022_12_01, 9:30AM",D22_1,,199.42,36.89,12.01,
1122_A,"2022_11_12, 10:45AM","2022_12_01, 7:30AM","2022_12_01, 9:30AM",D22_2,,198.04,37.12,11.94,
1122_A,"2022_11_12, 10:45AM","2022_12_01, 7:30AM","2022_12_01, 9:30AM",D22_3,,201.6,36.88,11.92,
1122_A,"2022_11_12, 10:45AM","2022_12_01, 7:30AM","2022_12_01, 9:30AM",D22_NC,,200.54,NA,NA,
1122_B,"2022_11_30, 11:07AM","2022_11_30, 1:00PM","2022_11_30, 3:10PM",D7_1,,208.18,37.66,11.96,Samples arrived on day 7 of shelf life
1122_B,"2022_11_30, 11:07AM","2022_11_30, 1:00PM","2022_11_30, 3:10PM",D7_2,,202.04,37.37,12.07,Samples arrived on day 7 of shelf life
1122_B,"2022_11_30, 11:07AM","2022_11_30, 1:00PM","2022_11_30, 3:10PM",D7_3,,200.39,37.89,12.05,Samples arrived on day 7 of shelf life
1122_B,"2022_11_30, 11:07AM","2022_11_30, 1:00PM","2022_11_30, 3:10PM",D7_NC,,200.76,NA,NA,Samples arrived on day 7 of shelf life
1122_B,"2022_11_30, 11:07AM","2022_12_05, 8:20AM","2022_12_05, 10:20AM",D12_1,,199.82,37.44,12.08,
1122_B,"2022_11_30, 11:07AM","2022_12_05, 8:20AM","2022_12_05, 10:20AM",D12_2,,203.83,37.4,12.07,
1122_B,"2022_11_30, 11:07AM","2022_12_05, 8:20AM","2022_12_05, 10:20AM",D12_3,,208.39,37.69,12.06,
1122_B,"2022_11_30, 11:07AM","2022_12_05, 8:20AM","2022_12_05, 10:20AM",D12_NC,,198.12,NA,NA,
1122_B,"2022_11_30, 11:07AM","2022_12_10, 8:20AM","2022_12_10, 10:35AM",D17_1,,203.08,37.93,12.08,
1122_B,"2022_11_30, 11:07AM","2022_12_10, 8:20AM","2022_12_10, 10:35AM",D17_2,,200.99,37.61,12.13,
1122_B,"2022_11_30, 11:07AM","2022_12_10, 8:20AM","2022_12_10, 10:35AM",D17_3,,201.36,37.81,12.08,
1122_B,"2022_11_30, 11:07AM","2022_12_10, 8:20AM","2022_12_10, 10:35AM",D17_NC,,202.68,NA,NA,
1122_B,"2022_11_30, 11:07AM","2022_12_15, 7:25AM","2022_12_15, 9:40AM",D22_1,,200.08,37.22,12.1,
1122_B,"2022_11_30, 11:07AM","2022_12_15, 7:25AM","2022_12_15, 9:40AM",D22_2,,200.46,37.64,12.1,
1122_B,"2022_11_30, 11:07AM","2022_12_15, 7:25AM","2022_12_15, 9:40AM",D22_3,,211.48,37.32,12.08,
1122_B,"2022_11_30, 11:07AM","2022_12_15, 7:25AM","2022_12_15, 9:40AM",D22_NC,,202.54,NA,NA,
1222_A,"2022_12_03, 10:10AM",2022_12_03 11:05 AM,,H_1,,201.94,37.62,12.03,had a bit of broth spill out during stmaching 
1222_A,"2022_12_03, 10:10AM",2022_12_03 11:05AM,,H_2,,203.76,37.33,12.05,
1222_A,"2022_12_03, 10:10AM",2022_12_03 11:05AM,,H_3,,201.56,37.95,12.08,
1222_A,"2022_12_03, 10:10AM",2022_12_03 11:05AM,,H_NC,,214.92,0,,
1222_A,"2022_12_09, 10:11AM","2022_12_09, 1:15PM","2022_12_09, 3:00PM",DI_1,,199.67,37.72,12.05,
1222_A,"2022_12_09, 10:11AM","2022_12_09, 1:15PM","2022_12_09, 3:00PM",DI_2,,198.45,37.68,12.06,
1222_A,"2022_12_09, 10:11AM","2022_12_09, 1:15PM","2022_12_09, 3:00PM",DI_3,,200.49,37.66,12.04,
1222_A,"2022_12_09, 10:11AM","2022_12_09, 1:15PM","2022_12_09, 3:00PM",DI_NC,,201.88,NA,NA,
1222_A,"2022_12_09, 10:11AM","2022_12_12, 9:00AM","2022_12_12, 10:45AM",D7_1,,205.24,37.75,12,
1222_A,"2022_12_09, 10:11AM","2022_12_12, 9:00AM","2022_12_12, 10:45AM",D7_2,,200.6,37.62,12.02,
1222_A,"2022_12_09, 10:11AM","2022_12_12, 9:00AM","2022_12_12, 10:45AM",D7_3,,203.22,37.86,12.06,
1222_A,"2022_12_09, 10:11AM","2022_12_12, 9:00AM","2022_12_12, 10:45AM",D7_NC,,201.15,NA,NA,
1222_A,"2022_12_09, 10:11AM","2022_12_17, 8:50AM","2022_12_17, time not recorded",D12_1,,212.71,37.11,12.09,
1222_A,"2022_12_09, 10:11AM","2022_12_17, 8:50AM","2022_12_17, time not recorded",D12_2,,198.36,37.12,12.09,
1222_A,"2022_12_09, 10:11AM","2022_12_17, 8:50AM","2022_12_17, time not recorded",D12_3,,203.78,37.62,12.02,
1222_A,"2022_12_09, 10:11AM","2022_12_17, 8:50AM","2022_12_17, time not recorded",D12_NC,,198.41,NA,NA,
1222_A,"2022_12_09, 10:11AM","2022_12_22, 8:45AM","2022_12_22, 10:55AM",D17_1,,200.99,37.65,12.06,
1222_A,"2022_12_09, 10:11AM","2022_12_22, 8:45AM","2022_12_22, 10:55AM",D17_2,,202.76,37.68,12.04,
1222_A,"2022_12_09, 10:11AM","2022_12_22, 8:45AM","2022_12_22, 10:55AM",D17_3,,206.57,37.3,12.06,
1222_A,"2022_12_09, 10:11AM","2022_12_22, 8:45AM","2022_12_22, 10:55AM",D17_NC,,206.94,NA,NA,
1222_A,"2022_12_09, 10:11AM","2022_12_27, 8:31AM","2022_12_27, 9:50AM",D22_1,,207.59,37.28,12.03,
1222_A,"2022_12_09, 10:11AM","2022_12_27, 8:31AM","2022_12_27, 9:50AM",D22_2,,215.25,37.29,11.97,
1222_A,"2022_12_09, 10:11AM","2022_12_27, 8:31AM","2022_12_27, 9:50AM",D22_3,,202.63,37.28,12.02,
1222_A,"2022_12_09, 10:11AM","2022_12_27, 8:31AM","2022_12_27, 9:50AM",D22_NC,,212.14,NA,NA,
1222_B,"2022_12_12, 10:11AM","2022_12_12, 11:45AM","2022_12_12, 1:30PM",H_1,,203.85,37.69,12.02,
1222_B,"2022_12_12, 10:11AM","2022_12_12, 11:45AM","2022_12_12, 1:30PM",H_2,,204.74,37.21,12.01,
1222_B,"2022_12_12, 10:11AM","2022_12_12, 11:45AM","2022_12_12, 1:30PM",H_3,,199.49,37.71,12.01,
1222_B,"2022_12_12, 10:11AM","2022_12_12, 11:45AM","2022_12_12, 1:30PM",H_NC,,197.7,NA,NA,
1222_B,"2022_12_15, 10:23AM","2022_12_15, 1:15PM","2022_12_15, 3:30PM",DI_1,,200.43,37.32,11.98,
1222_B,"2022_12_15, 10:23AM","2022_12_15, 1:15PM","2022_12_15, 3:30PM",DI_2,,207.75,37.62,11.97,
1222_B,"2022_12_15, 10:23AM","2022_12_15, 1:15PM","2022_12_15, 3:30PM",DI_3,,198.48,37.7,12,
1222_B,"2022_12_15, 10:23AM","2022_12_15, 1:15PM","2022_12_15, 3:30PM",DI_NC,,197.87,NA,NA,
1222_B,"2022_12_15, 10:23AM","2022_12_20, 7:40AM","2022_12_20, 9:35AM",D7_1,,201.2,37.63,12.04,
1222_B,"2022_12_15, 10:23AM","2022_12_20, 7:40AM","2022_12_20, 9:35AM",D7_2,,203.78,38.59,12.05,
1222_B,"2022_12_15, 10:23AM","2022_12_20, 7:40AM","2022_12_20, 9:35AM",D7_3,,204.77,37.27,11.98,
1222_B,"2022_12_15, 10:23AM","2022_12_20, 7:40AM","2022_12_20, 9:35AM",D7_NC,,202.43,NA,NA,
1222_B,"2022_12_15, 10:23AM","2022_12_25, 9:05AM","2022_12_25, 11:10AM",D12_1,,203.97,37.05,12.06,
1222_B,"2022_12_15, 10:23AM","2022_12_25, 9:05AM","2022_12_25, 11:10AM",D12_2,,199.44,37.16,12,
1222_B,"2022_12_15, 10:23AM","2022_12_25, 9:05AM","2022_12_25, 11:10AM",D12_3,,203.66,37.18,11.94,
1222_B,"2022_12_15, 10:23AM","2022_12_25, 9:05AM","2022_12_25, 11:10AM",D12_NC,,200.91,NA,NA,
1222_B,"2022_12_15, 10:23AM","2022_12_30, 8:45AM","2022_12_30, 9:45AM",D17_1,,203.07,37.77,12,
1222_B,"2022_12_15, 10:23AM","2022_12_30, 8:45AM","2022_12_30, 9:45AM",D17_2,,203.45,37.27,11.99,
1222_B,"2022_12_15, 10:23AM","2022_12_30, 8:45AM","2022_12_30, 9:45AM",D17_3,,205.25,37.54,11.99,
1222_B,"2022_12_15, 10:23AM","2022_12_30, 8:45AM","2022_12_30, 9:45AM",D17_NC,,203.83,NA,NA,
1222_B,"2022_12_15, 10:23AM","2023_01_04, 8:55AM","2023_01_03, 11:15AM",D22_1,,201.54,37.32,11.95,
1222_B,"2022_12_15, 10:23AM","2023_01_04, 8:55AM","2023_01_03, 11:15AM",D22_2,,201.23,37.82,12.02,
1222_B,"2022_12_15, 10:23AM","2023_01_04, 8:55AM","2023_01_03, 11:15AM",D22_3,,202.88,37.23,12.05,
1222_B,"2022_12_15, 10:23AM","2023_01_04, 8:55AM","2023_01_03, 11:15AM",D22_NC,,198.89,NA,NA,
1222_C,"2022_12_20, 11:07AM","2022_12_20, 11:40AM","2022_12_20, time not recorded",H_1,,215.82,37.63,12.13,
1222_C,"2022_12_20, 11:07AM","2022_12_20, 11:40AM","2022_12_20, time not recorded",H_2,,199.73,36.69,12.06,
1222_C,"2022_12_20, 11:07AM","2022_12_20, 11:40AM","2022_12_20, time not recorded",H_3,,217.07,37.22,12.05,
1222_C,"2022_12_20, 11:07AM","2022_12_20, 11:40AM","2022_12_20, time not recorded",H_NC,,199.07,NA,NA,