"sampling_code","day","sample_replicate","test","log_conc","loc","days_since_last_irrigation","hr_harvest_packaging","hr_harvest_arrival","hr_arrival_packaging"
"1221_A","5","1","APC",6.02699294708075,"FL",NA,61,38.5833333333333,22.4166666666667
"1221_A","5","2","APC",6.03719335767844,"FL",NA,61,38.5833333333333,22.4166666666667
"1221_A","5","3","APC",5.88365841543458,"FL",NA,61,38.5833333333333,22.4166666666667
"1221_A","5","1","GN",5.61906871750211,"FL",NA,61,38.5833333333333,22.4166666666667
"1221_A","5","2","GN",5.42935552749151,"FL",NA,61,38.5833333333333,22.4166666666667
"1221_A","5","3","GN",5.42662372246305,"FL",NA,61,38.5833333333333,22.4166666666667
"1221_A","5","1","PC",6.14846325524445,"FL",NA,61,38.5833333333333,22.4166666666667
"1221_A","5","2","PC",5.49408085712817,"FL",NA,61,38.5833333333333,22.4166666666667
"1221_A","5","3","PC",6.07407300214065,"FL",NA,61,38.5833333333333,22.4166666666667
"1221_A","7","1","APC",6.90310600365477,"FL",NA,61,38.5833333333333,22.4166666666667
"1221_A","7","2","APC",6.18749054682951,"FL",NA,61,38.5833333333333,22.4166666666667
"1221_A","7","3","APC",6.62851568176934,"FL",NA,61,38.5833333333333,22.4166666666667
"1221_A","7","1","GN",6.64683968923472,"FL",NA,61,38.5833333333333,22.4166666666667
"1221_A","7","2","GN",6.07799140651343,"FL",NA,61,38.5833333333333,22.4166666666667
"1221_A","7","3","GN",6.42894332686414,"FL",NA,61,38.5833333333333,22.4166666666667
"1221_A","7","1","PC",7.28331724536637,"FL",NA,61,38.5833333333333,22.4166666666667
"1221_A","7","2","PC",6.69264052514942,"FL",NA,61,38.5833333333333,22.4166666666667
"1221_A","7","3","PC",7.06072519981179,"FL",NA,61,38.5833333333333,22.4166666666667
"1221_A","12","1","APC",7.36404200070949,"FL",NA,61,38.5833333333333,22.4166666666667
"1221_A","12","2","APC",7.34211103439359,"FL",NA,61,38.5833333333333,22.4166666666667
"1221_A","12","3","APC",7.17697864476442,"FL",NA,61,38.5833333333333,22.4166666666667
"1221_A","12","1","GN",7.09208345299277,"FL",NA,61,38.5833333333333,22.4166666666667
"1221_A","12","2","GN",7.00862901494847,"FL",NA,61,38.5833333333333,22.4166666666667
"1221_A","12","3","GN",6.91965757698585,"FL",NA,61,38.5833333333333,22.4166666666667
"1221_A","12","1","PC",7.8655226012886,"FL",NA,61,38.5833333333333,22.4166666666667
"1221_A","12","2","PC",7.72950086073232,"FL",NA,61,38.5833333333333,22.4166666666667
"1221_A","12","3","PC",7.74240974073023,"FL",NA,61,38.5833333333333,22.4166666666667
"1221_A","17","1","APC",8.01908970622395,"FL",NA,61,38.5833333333333,22.4166666666667
"1221_A","17","2","APC",7.9951649608923,"FL",NA,61,38.5833333333333,22.4166666666667
"1221_A","17","3","APC",7.78464803223001,"FL",NA,61,38.5833333333333,22.4166666666667
"1221_A","17","1","GN",7.57601307125981,"FL",NA,61,38.5833333333333,22.4166666666667
"1221_A","17","2","GN",7.59820199308657,"FL",NA,61,38.5833333333333,22.4166666666667
"1221_A","17","3","GN",7.2711767554715,"FL",NA,61,38.5833333333333,22.4166666666667
"1221_A","17","1","PC",8.66876712449671,"FL",NA,61,38.5833333333333,22.4166666666667
"1221_A","17","2","PC",8.46835592198352,"FL",NA,61,38.5833333333333,22.4166666666667
"1221_A","17","3","PC",8.35549764117154,"FL",NA,61,38.5833333333333,22.4166666666667
"1221_A","22","1","APC",8.9230657378233,"FL",NA,61,38.5833333333333,22.4166666666667
"1221_A","22","2","APC",8.29962091001117,"FL",NA,61,38.5833333333333,22.4166666666667
"1221_A","22","3","APC",8.72197733608397,"FL",NA,61,38.5833333333333,22.4166666666667
"1221_A","22","1","GN",8.36031548050527,"FL",NA,61,38.5833333333333,22.4166666666667
"1221_A","22","2","GN",7.89253752189926,"FL",NA,61,38.5833333333333,22.4166666666667
"1221_A","22","3","GN",8.12697919924349,"FL",NA,61,38.5833333333333,22.4166666666667
"1221_A","22","1","PC",9.51354385660145,"FL",NA,61,38.5833333333333,22.4166666666667
"1221_A","22","2","PC",9.76139447288968,"FL",NA,61,38.5833333333333,22.4166666666667
"1221_A","22","3","PC",9.20381922947622,"FL",NA,61,38.5833333333333,22.4166666666667
"0122_A","4","1","APC",6.21917771786517,"AZ",1,133,107.766666666667,25.2333333333333
"0122_A","4","2","APC",6.14841206891809,"AZ",1,133,107.766666666667,25.2333333333333
"0122_A","4","3","APC",6.12624471473999,"AZ",1,133,107.766666666667,25.2333333333333
"0122_A","4","1","GN",5.9423133835433,"AZ",1,133,107.766666666667,25.2333333333333
"0122_A","4","2","GN",5.84878528766355,"AZ",1,133,107.766666666667,25.2333333333333
"0122_A","4","3","GN",5.7849596756473,"AZ",1,133,107.766666666667,25.2333333333333
"0122_A","4","1","PC",6.42536366525522,"AZ",1,133,107.766666666667,25.2333333333333
"0122_A","4","2","PC",6.53351485288496,"AZ",1,133,107.766666666667,25.2333333333333
"0122_A","4","3","PC",6.60573270273875,"AZ",1,133,107.766666666667,25.2333333333333
"0122_A","7","1","APC",6.54020757090549,"AZ",1,133,107.766666666667,25.2333333333333
"0122_A","7","2","APC",6.70734514656775,"AZ",1,133,107.766666666667,25.2333333333333
"0122_A","7","3","APC",6.57666729296816,"AZ",1,133,107.766666666667,25.2333333333333
"0122_A","7","1","GN",6.08081508314626,"AZ",1,133,107.766666666667,25.2333333333333
"0122_A","7","2","GN",6.29985981998948,"AZ",1,133,107.766666666667,25.2333333333333
"0122_A","7","3","GN",6.26091404048347,"AZ",1,133,107.766666666667,25.2333333333333
"0122_A","7","1","PC",7.15563152379143,"AZ",1,133,107.766666666667,25.2333333333333
"0122_A","7","2","PC",7.25943116293387,"AZ",1,133,107.766666666667,25.2333333333333
"0122_A","7","3","PC",7.06736135487709,"AZ",1,133,107.766666666667,25.2333333333333
"0122_A","12","1","APC",7.00384688130547,"AZ",1,133,107.766666666667,25.2333333333333
"0122_A","12","2","APC",7.24596774550242,"AZ",1,133,107.766666666667,25.2333333333333
"0122_A","12","3","APC",7.09996727369861,"AZ",1,133,107.766666666667,25.2333333333333
"0122_A","12","1","GN",6.45100491264769,"AZ",1,133,107.766666666667,25.2333333333333
"0122_A","12","2","GN",6.85073363020631,"AZ",1,133,107.766666666667,25.2333333333333
"0122_A","12","3","GN",6.84593384071085,"AZ",1,133,107.766666666667,25.2333333333333
"0122_A","12","1","PC",8.1034507987184,"AZ",1,133,107.766666666667,25.2333333333333
"0122_A","12","2","PC",7.85342276871709,"AZ",1,133,107.766666666667,25.2333333333333
"0122_A","12","3","PC",8.09371832442161,"AZ",1,133,107.766666666667,25.2333333333333
"0122_A","17","1","APC",7.62988394236809,"AZ",1,133,107.766666666667,25.2333333333333
"0122_A","17","2","APC",7.90864058937488,"AZ",1,133,107.766666666667,25.2333333333333
"0122_A","17","3","APC",7.82453317596477,"AZ",1,133,107.766666666667,25.2333333333333
"0122_A","17","1","GN",7.17194600402077,"AZ",1,133,107.766666666667,25.2333333333333
"0122_A","17","2","GN",7.43151933465522,"AZ",1,133,107.766666666667,25.2333333333333
"0122_A","17","3","GN",7.18299316750551,"AZ",1,133,107.766666666667,25.2333333333333
"0122_A","17","1","PC",8.58047908619023,"AZ",1,133,107.766666666667,25.2333333333333
"0122_A","17","2","PC",8.79638288452567,"AZ",1,133,107.766666666667,25.2333333333333
"0122_A","17","3","PC",8.46934514771368,"AZ",1,133,107.766666666667,25.2333333333333
"0122_A","22","1","APC",6.85755808694797,"AZ",1,133,107.766666666667,25.2333333333333
"0122_A","22","2","APC",7.92840415265907,"AZ",1,133,107.766666666667,25.2333333333333
"0122_A","22","3","APC",8.33428103510892,"AZ",1,133,107.766666666667,25.2333333333333
"0122_A","22","1","GN",6.63570933733162,"AZ",1,133,107.766666666667,25.2333333333333
"0122_A","22","2","GN",7.53737613840336,"AZ",1,133,107.766666666667,25.2333333333333
"0122_A","22","3","GN",7.92719764699702,"AZ",1,133,107.766666666667,25.2333333333333
"0122_A","22","1","PC",7.57356143058277,"AZ",1,133,107.766666666667,25.2333333333333
"0122_A","22","2","PC",8.65656254612257,"AZ",1,133,107.766666666667,25.2333333333333
"0122_A","22","3","PC",9.130161052453,"AZ",1,133,107.766666666667,25.2333333333333
"0122_B","5","1","APC",5.70947389405397,"AZ",3,97.5,58.35,39.15
"0122_B","5","2","APC",5.67983347096512,"AZ",3,97.5,58.35,39.15
"0122_B","5","3","APC",5.6667178459051,"AZ",3,97.5,58.35,39.15
"0122_B","5","1","GN",5.42963319745993,"AZ",3,97.5,58.35,39.15
"0122_B","5","2","GN",5.44691929519861,"AZ",3,97.5,58.35,39.15
"0122_B","5","3","GN",5.19352688481387,"AZ",3,97.5,58.35,39.15
"0122_B","5","1","PC",6.12305303703319,"AZ",3,97.5,58.35,39.15
"0122_B","5","2","PC",6.10784594574739,"AZ",3,97.5,58.35,39.15
"0122_B","5","3","PC",6.03694486671011,"AZ",3,97.5,58.35,39.15
"0122_B","7","1","APC",6.31500478590871,"AZ",3,97.5,58.35,39.15
"0122_B","7","2","APC",6.31075271525713,"AZ",3,97.5,58.35,39.15
"0122_B","7","3","APC",6.51701474667014,"AZ",3,97.5,58.35,39.15
"0122_B","7","1","GN",6.00463476399059,"AZ",3,97.5,58.35,39.15
"0122_B","7","2","GN",6.17245001709085,"AZ",3,97.5,58.35,39.15
"0122_B","7","3","GN",7.08900227188788,"AZ",3,97.5,58.35,39.15
"0122_B","7","1","PC",6.91241987219091,"AZ",3,97.5,58.35,39.15
"0122_B","7","2","PC",6.74284700016348,"AZ",3,97.5,58.35,39.15
"0122_B","7","3","PC",6.80877119820516,"AZ",3,97.5,58.35,39.15
"0122_B","12","1","APC",6.75581534872112,"AZ",3,97.5,58.35,39.15
"0122_B","12","2","APC",6.91453197912143,"AZ",3,97.5,58.35,39.15
"0122_B","12","3","APC",7.15346860132238,"AZ",3,97.5,58.35,39.15
"0122_B","12","1","GN",6.45478535305714,"AZ",3,97.5,58.35,39.15
"0122_B","12","2","GN",6.64269037258493,"AZ",3,97.5,58.35,39.15
"0122_B","12","3","GN",6.88837318515421,"AZ",3,97.5,58.35,39.15
"0122_B","12","1","PC",7.54372643639392,"AZ",3,97.5,58.35,39.15
"0122_B","12","2","PC",7.43508206208319,"AZ",3,97.5,58.35,39.15
"0122_B","12","3","PC",7.45031595327419,"AZ",3,97.5,58.35,39.15
"0122_B","17","1","APC",6.77899415070599,"AZ",3,97.5,58.35,39.15
"0122_B","17","2","APC",7.21038538618015,"AZ",3,97.5,58.35,39.15
"0122_B","17","3","APC",6.88425841740294,"AZ",3,97.5,58.35,39.15
"0122_B","17","1","GN",6.50521107018287,"AZ",3,97.5,58.35,39.15
"0122_B","17","2","GN",6.93595315900996,"AZ",3,97.5,58.35,39.15
"0122_B","17","3","GN",6.47591564833114,"AZ",3,97.5,58.35,39.15
"0122_B","17","1","PC",7.2592286408498,"AZ",3,97.5,58.35,39.15
"0122_B","17","2","PC",7.80957873685651,"AZ",3,97.5,58.35,39.15
"0122_B","17","3","PC",7.23615530940608,"AZ",3,97.5,58.35,39.15
"0122_B","22","1","APC",7.2454355490211,"AZ",3,97.5,58.35,39.15
"0122_B","22","2","APC",7.16762732625774,"AZ",3,97.5,58.35,39.15
"0122_B","22","3","APC",7.48192231680456,"AZ",3,97.5,58.35,39.15
"0122_B","22","1","GN",6.9047909443035,"AZ",3,97.5,58.35,39.15
"0122_B","22","2","GN",6.7193821992743,"AZ",3,97.5,58.35,39.15
"0122_B","22","3","GN",6.92357125336201,"AZ",3,97.5,58.35,39.15
"0122_B","22","1","PC",7.78147574035941,"AZ",3,97.5,58.35,39.15
"0122_B","22","2","PC",7.88258543597789,"AZ",3,97.5,58.35,39.15
"0122_B","22","3","PC",8.1407750979326,"AZ",3,97.5,58.35,39.15
"0222_A","2","1","APC",5.03701857041635,"AZ",7,220,64.9333333333333,155.066666666667
"0222_A","2","2","APC",4.74439436637767,"AZ",7,220,64.9333333333333,155.066666666667
"0222_A","2","3","APC",5.34607904014958,"AZ",7,220,64.9333333333333,155.066666666667
"0222_A","2","1","GN",5.10665449855775,"AZ",7,220,64.9333333333333,155.066666666667
"0222_A","2","2","GN",4.51031116034431,"AZ",7,220,64.9333333333333,155.066666666667
"0222_A","2","3","GN",5.07085630809188,"AZ",7,220,64.9333333333333,155.066666666667
"0222_A","2","1","PC",5.37426073873478,"AZ",7,220,64.9333333333333,155.066666666667
"0222_A","2","2","PC",4.89566204170832,"AZ",7,220,64.9333333333333,155.066666666667
"0222_A","2","3","PC",6.03245991717758,"AZ",7,220,64.9333333333333,155.066666666667
"0222_A","7","1","APC",6.96749205544293,"AZ",7,220,64.9333333333333,155.066666666667
"0222_A","7","2","APC",6.90305154716314,"AZ",7,220,64.9333333333333,155.066666666667
"0222_A","7","3","APC",6.82331044497956,"AZ",7,220,64.9333333333333,155.066666666667
"0222_A","7","1","GN",6.85866727280588,"AZ",7,220,64.9333333333333,155.066666666667
"0222_A","7","2","GN",6.6994392144562,"AZ",7,220,64.9333333333333,155.066666666667
"0222_A","7","3","GN",6.5757562951283,"AZ",7,220,64.9333333333333,155.066666666667
"0222_A","7","1","PC",7.34150301104997,"AZ",7,220,64.9333333333333,155.066666666667
"0222_A","7","2","PC",7.70267419762171,"AZ",7,220,64.9333333333333,155.066666666667
"0222_A","7","3","PC",7.39674227233343,"AZ",7,220,64.9333333333333,155.066666666667
"0222_A","12","1","APC",6.86537773804767,"AZ",7,220,64.9333333333333,155.066666666667
"0222_A","12","2","APC",7.1840567976804,"AZ",7,220,64.9333333333333,155.066666666667
"0222_A","12","3","APC",7.66976893674346,"AZ",7,220,64.9333333333333,155.066666666667
"0222_A","12","1","GN",6.46881863509202,"AZ",7,220,64.9333333333333,155.066666666667
"0222_A","12","2","GN",6.93699125971106,"AZ",7,220,64.9333333333333,155.066666666667
"0222_A","12","3","GN",7.3136202314145,"AZ",7,220,64.9333333333333,155.066666666667
"0222_A","12","1","PC",7.34157594357415,"AZ",7,220,64.9333333333333,155.066666666667
"0222_A","12","2","PC",7.54723470009322,"AZ",7,220,64.9333333333333,155.066666666667
"0222_A","12","3","PC",7.95743497084946,"AZ",7,220,64.9333333333333,155.066666666667
"0222_A","17","1","APC",8.21469466159479,"AZ",7,220,64.9333333333333,155.066666666667
"0222_A","17","2","APC",8.35658380917556,"AZ",7,220,64.9333333333333,155.066666666667
"0222_A","17","3","APC",8.09313395661426,"AZ",7,220,64.9333333333333,155.066666666667
"0222_A","17","1","GN",7.92113123061616,"AZ",7,220,64.9333333333333,155.066666666667
"0222_A","17","2","GN",7.8658471923225,"AZ",7,220,64.9333333333333,155.066666666667
"0222_A","17","3","GN",7.34949355735878,"AZ",7,220,64.9333333333333,155.066666666667
"0222_A","17","1","PC",8.77942228375797,"AZ",7,220,64.9333333333333,155.066666666667
"0222_A","17","2","PC",9.18582138362494,"AZ",7,220,64.9333333333333,155.066666666667
"0222_A","17","3","PC",8.66388751458075,"AZ",7,220,64.9333333333333,155.066666666667
"0222_A","22","1","APC",8.79054974739353,"AZ",7,220,64.9333333333333,155.066666666667
"0222_A","22","2","APC",8.18088713659529,"AZ",7,220,64.9333333333333,155.066666666667
"0222_A","22","3","APC",8.19652699973588,"AZ",7,220,64.9333333333333,155.066666666667
"0222_A","22","1","GN",8.52170443510095,"AZ",7,220,64.9333333333333,155.066666666667
"0222_A","22","2","GN",7.98459249145132,"AZ",7,220,64.9333333333333,155.066666666667
"0222_A","22","3","GN",7.57651269250349,"AZ",7,220,64.9333333333333,155.066666666667
"0222_A","22","1","PC",9.33366224794379,"AZ",7,220,64.9333333333333,155.066666666667
"0222_A","22","2","PC",8.8009480945052,"AZ",7,220,64.9333333333333,155.066666666667
"0222_A","22","3","PC",8.75820782907717,"AZ",7,220,64.9333333333333,155.066666666667
"0222_B","2","1","APC",4.94060819387047,"AZ",1,281.25,86,195.25
"0222_B","2","2","APC",5.42464066570085,"AZ",1,281.25,86,195.25
"0222_B","2","3","APC",5.073613887212,"AZ",1,281.25,86,195.25
"0222_B","2","1","GN",4.64477939189229,"AZ",1,281.25,86,195.25
"0222_B","2","2","GN",5.3697919976935,"AZ",1,281.25,86,195.25
"0222_B","2","3","GN",4.77099014854146,"AZ",1,281.25,86,195.25
"0222_B","2","1","PC",5.24424657264198,"AZ",1,281.25,86,195.25
"0222_B","2","2","PC",6.01172350105916,"AZ",1,281.25,86,195.25
"0222_B","2","3","PC",5.0998492380702,"AZ",1,281.25,86,195.25
"0222_B","7","1","APC",6.30027744674531,"AZ",1,281.25,86,195.25
"0222_B","7","2","APC",6.72253725831739,"AZ",1,281.25,86,195.25
"0222_B","7","3","APC",6.34769901772498,"AZ",1,281.25,86,195.25
"0222_B","7","1","GN",6.06336495069308,"AZ",1,281.25,86,195.25
"0222_B","7","2","GN",6.31341308269283,"AZ",1,281.25,86,195.25
"0222_B","7","3","GN",6.27548423186296,"AZ",1,281.25,86,195.25
"0222_B","7","1","PC",6.5141572666904,"AZ",1,281.25,86,195.25
"0222_B","7","2","PC",6.90833382588044,"AZ",1,281.25,86,195.25
"0222_B","7","3","PC",6.84586287518422,"AZ",1,281.25,86,195.25
"0222_B","12","1","APC",7.89306691261275,"AZ",1,281.25,86,195.25
"0222_B","12","2","APC",7.30274043085051,"AZ",1,281.25,86,195.25
"0222_B","12","3","APC",7.25077891969119,"AZ",1,281.25,86,195.25
"0222_B","12","1","GN",7.5769731705129,"AZ",1,281.25,86,195.25
"0222_B","12","2","GN",7.20951610741942,"AZ",1,281.25,86,195.25
"0222_B","12","3","GN",7.01189683077606,"AZ",1,281.25,86,195.25
"0222_B","12","1","PC",8.53348058460004,"AZ",1,281.25,86,195.25
"0222_B","12","2","PC",7.85794484131875,"AZ",1,281.25,86,195.25
"0222_B","12","3","PC",7.79325322103491,"AZ",1,281.25,86,195.25
"0222_B","17","1","APC",7.79427906265819,"AZ",1,281.25,86,195.25
"0222_B","17","2","APC",7.91010451579166,"AZ",1,281.25,86,195.25
"0222_B","17","3","APC",7.30052089328339,"AZ",1,281.25,86,195.25
"0222_B","17","1","GN",7.63274652377344,"AZ",1,281.25,86,195.25
"0222_B","17","2","GN",7.53589000054561,"AZ",1,281.25,86,195.25
"0222_B","17","3","GN",7.09446641085026,"AZ",1,281.25,86,195.25
"0222_B","17","1","PC",8.32595147245567,"AZ",1,281.25,86,195.25
"0222_B","17","2","PC",8.32130994749402,"AZ",1,281.25,86,195.25
"0222_B","17","3","PC",7.87519508412172,"AZ",1,281.25,86,195.25
"0222_B","22","1","APC",8.21493723837097,"AZ",1,281.25,86,195.25
"0222_B","22","2","APC",8.1512588273472,"AZ",1,281.25,86,195.25
"0222_B","22","3","APC",8.34629873751894,"AZ",1,281.25,86,195.25
"0222_B","22","1","GN",7.40752522247739,"AZ",1,281.25,86,195.25
"0222_B","22","2","GN",7.95008322533806,"AZ",1,281.25,86,195.25
"0222_B","22","3","GN",7.92727886520198,"AZ",1,281.25,86,195.25
"0222_B","22","1","PC",8.51842088170222,"AZ",1,281.25,86,195.25
"0222_B","22","2","PC",8.35500935487076,"AZ",1,281.25,86,195.25
"0222_B","22","3","PC",8.66785040032752,"AZ",1,281.25,86,195.25
"0322_A","2","1","APC",5.57359529448764,"AZ",2,241,90.2833333333333,150.716666666667
"0322_A","2","2","APC",4.76557906268634,"AZ",2,241,90.2833333333333,150.716666666667
"0322_A","2","3","APC",5.22056810732522,"AZ",2,241,90.2833333333333,150.716666666667
"0322_A","2","1","GN",5.40994885488622,"AZ",2,241,90.2833333333333,150.716666666667
"0322_A","2","2","GN",4.61485527531895,"AZ",2,241,90.2833333333333,150.716666666667
"0322_A","2","3","GN",4.8741488233116,"AZ",2,241,90.2833333333333,150.716666666667
"0322_A","2","1","PC",5.69217528672749,"AZ",2,241,90.2833333333333,150.716666666667
"0322_A","2","2","PC",5.24378741304722,"AZ",2,241,90.2833333333333,150.716666666667
"0322_A","2","3","PC",5.80226681600548,"AZ",2,241,90.2833333333333,150.716666666667
"0322_A","7","1","APC",6.46447207173683,"AZ",2,241,90.2833333333333,150.716666666667
"0322_A","7","2","APC",6.6353026567906,"AZ",2,241,90.2833333333333,150.716666666667
"0322_A","7","3","APC",6.69079876353832,"AZ",2,241,90.2833333333333,150.716666666667
"0322_A","7","1","GN",6.23542614890509,"AZ",2,241,90.2833333333333,150.716666666667
"0322_A","7","2","GN",6.27036290822149,"AZ",2,241,90.2833333333333,150.716666666667
"0322_A","7","3","GN",6.41204516258549,"AZ",2,241,90.2833333333333,150.716666666667
"0322_A","7","1","PC",7.40810223060896,"AZ",2,241,90.2833333333333,150.716666666667
"0322_A","7","2","PC",7.40576707850795,"AZ",2,241,90.2833333333333,150.716666666667
"0322_A","7","3","PC",7.87940658001599,"AZ",2,241,90.2833333333333,150.716666666667
"0322_A","12","1","APC",8.00310961315729,"AZ",2,241,90.2833333333333,150.716666666667
"0322_A","12","2","APC",7.56707601589124,"AZ",2,241,90.2833333333333,150.716666666667
"0322_A","12","3","APC",7.67633656503482,"AZ",2,241,90.2833333333333,150.716666666667
"0322_A","12","1","GN",7.65421900184487,"AZ",2,241,90.2833333333333,150.716666666667
"0322_A","12","2","GN",7.29407474382751,"AZ",2,241,90.2833333333333,150.716666666667
"0322_A","12","3","GN",7.31416982601685,"AZ",2,241,90.2833333333333,150.716666666667
"0322_A","12","1","PC",8.60986472569363,"AZ",2,241,90.2833333333333,150.716666666667
"0322_A","12","2","PC",8.24485672115733,"AZ",2,241,90.2833333333333,150.716666666667
"0322_A","12","3","PC",8.3882715465352,"AZ",2,241,90.2833333333333,150.716666666667
"0322_A","17","1","APC",7.91361717971546,"AZ",2,241,90.2833333333333,150.716666666667
"0322_A","17","2","APC",8.09379797619045,"AZ",2,241,90.2833333333333,150.716666666667
"0322_A","17","3","APC",7.18251343129375,"AZ",2,241,90.2833333333333,150.716666666667
"0322_A","17","1","GN",7.57215852699587,"AZ",2,241,90.2833333333333,150.716666666667
"0322_A","17","2","GN",7.78342795427232,"AZ",2,241,90.2833333333333,150.716666666667
"0322_A","17","3","GN",6.97839344863783,"AZ",2,241,90.2833333333333,150.716666666667
"0322_A","17","1","PC",8.7411300449286,"AZ",2,241,90.2833333333333,150.716666666667
"0322_A","17","2","PC",8.91770671713477,"AZ",2,241,90.2833333333333,150.716666666667
"0322_A","17","3","PC",8.17743390576448,"AZ",2,241,90.2833333333333,150.716666666667
"0322_A","22","1","APC",8.20736709075566,"AZ",2,241,90.2833333333333,150.716666666667
"0322_A","22","2","APC",7.91972736036842,"AZ",2,241,90.2833333333333,150.716666666667
"0322_A","22","3","APC",7.59321556283113,"AZ",2,241,90.2833333333333,150.716666666667
"0322_A","22","1","GN",7.7437229098441,"AZ",2,241,90.2833333333333,150.716666666667
"0322_A","22","2","GN",7.62583661284479,"AZ",2,241,90.2833333333333,150.716666666667
"0322_A","22","3","GN",7.30658338786779,"AZ",2,241,90.2833333333333,150.716666666667
"0322_A","22","1","PC",9.02247651079693,"AZ",2,241,90.2833333333333,150.716666666667
"0322_A","22","2","PC",8.97591600586839,"AZ",2,241,90.2833333333333,150.716666666667
"0322_A","22","3","PC",8.41467756782836,"AZ",2,241,90.2833333333333,150.716666666667
"0322_B","2","1","APC",4.68534442018552,"AZ",1,213,97.9166666666667,115.083333333333
"0322_B","2","2","APC",4.89317939313575,"AZ",1,213,97.9166666666667,115.083333333333
"0322_B","2","3","APC",5.30510260827019,"AZ",1,213,97.9166666666667,115.083333333333
"0322_B","2","1","GN",4.34688792658092,"AZ",1,213,97.9166666666667,115.083333333333
"0322_B","2","2","GN",4.22108153520003,"AZ",1,213,97.9166666666667,115.083333333333
"0322_B","2","3","GN",4.87090955409234,"AZ",1,213,97.9166666666667,115.083333333333
"0322_B","2","1","PC",5.44030961174315,"AZ",1,213,97.9166666666667,115.083333333333
"0322_B","2","2","PC",4.86806303130233,"AZ",1,213,97.9166666666667,115.083333333333
"0322_B","2","3","PC",5.22024422933087,"AZ",1,213,97.9166666666667,115.083333333333
"0322_B","7","1","APC",6.0217250120013,"AZ",1,213,97.9166666666667,115.083333333333
"0322_B","7","2","APC",5.95034070459448,"AZ",1,213,97.9166666666667,115.083333333333
"0322_B","7","3","APC",7.23442211298943,"AZ",1,213,97.9166666666667,115.083333333333
"0322_B","7","1","GN",6.01039494816841,"AZ",1,213,97.9166666666667,115.083333333333
"0322_B","7","2","GN",5.91135408920214,"AZ",1,213,97.9166666666667,115.083333333333
"0322_B","7","3","GN",6.91708960610305,"AZ",1,213,97.9166666666667,115.083333333333
"0322_B","7","1","PC",6.70358711364547,"AZ",1,213,97.9166666666667,115.083333333333
"0322_B","7","2","PC",6.67898137959772,"AZ",1,213,97.9166666666667,115.083333333333
"0322_B","7","3","PC",7.75844223732858,"AZ",1,213,97.9166666666667,115.083333333333
"0322_B","12","1","APC",6.86588437780951,"AZ",1,213,97.9166666666667,115.083333333333
"0322_B","12","2","APC",6.7592011411985,"AZ",1,213,97.9166666666667,115.083333333333
"0322_B","12","3","APC",6.50265656484115,"AZ",1,213,97.9166666666667,115.083333333333
"0322_B","12","1","GN",6.95083558942848,"AZ",1,213,97.9166666666667,115.083333333333
"0322_B","12","2","GN",6.76942030638019,"AZ",1,213,97.9166666666667,115.083333333333
"0322_B","12","3","GN",6.34159429615059,"AZ",1,213,97.9166666666667,115.083333333333
"0322_B","12","1","PC",7.7170672036205,"AZ",1,213,97.9166666666667,115.083333333333
"0322_B","12","2","PC",7.54532132125342,"AZ",1,213,97.9166666666667,115.083333333333
"0322_B","12","3","PC",6.99382089694428,"AZ",1,213,97.9166666666667,115.083333333333
"0322_B","17","1","APC",6.50426802144037,"AZ",1,213,97.9166666666667,115.083333333333
"0322_B","17","2","APC",6.41528078589669,"AZ",1,213,97.9166666666667,115.083333333333
"0322_B","17","3","APC",7.47325497514351,"AZ",1,213,97.9166666666667,115.083333333333
"0322_B","17","1","GN",6.43226536001987,"AZ",1,213,97.9166666666667,115.083333333333
"0322_B","17","2","GN",6.2276076542912,"AZ",1,213,97.9166666666667,115.083333333333
"0322_B","17","3","GN",7.15926000231516,"AZ",1,213,97.9166666666667,115.083333333333
"0322_B","17","1","PC",7.30969335669068,"AZ",1,213,97.9166666666667,115.083333333333
"0322_B","17","2","PC",6.99385968137513,"AZ",1,213,97.9166666666667,115.083333333333
"0322_B","17","3","PC",8.0299121468018,"AZ",1,213,97.9166666666667,115.083333333333
"0322_B","22","1","APC",6.83551511922633,"AZ",1,213,97.9166666666667,115.083333333333
"0322_B","22","2","APC",6.55480154798664,"AZ",1,213,97.9166666666667,115.083333333333
"0322_B","22","3","APC",6.48265606200145,"AZ",1,213,97.9166666666667,115.083333333333
"0322_B","22","1","GN",6.61366636960997,"AZ",1,213,97.9166666666667,115.083333333333
"0322_B","22","2","GN",6.55480154798664,"AZ",1,213,97.9166666666667,115.083333333333
"0322_B","22","3","GN",6.48265606200145,"AZ",1,213,97.9166666666667,115.083333333333
"0322_B","22","1","PC",7.15078555400492,"AZ",1,213,97.9166666666667,115.083333333333
"0322_B","22","2","PC",7.63848329526094,"AZ",1,213,97.9166666666667,115.083333333333
"0322_B","22","3","PC",7.30031585366877,"AZ",1,213,97.9166666666667,115.083333333333
"0422_A","3","1","APC",7.49194119869214,"AZ",2,252,208.966666666667,43.0333333333333
"0422_A","3","2","APC",7.3375053580977,"AZ",2,252,208.966666666667,43.0333333333333
"0422_A","3","3","APC",7.55229356450957,"AZ",2,252,208.966666666667,43.0333333333333
"0422_A","3","1","GN",7.11880768596476,"AZ",2,252,208.966666666667,43.0333333333333
"0422_A","3","2","GN",6.95436026609009,"AZ",2,252,208.966666666667,43.0333333333333
"0422_A","3","3","GN",7.24593473534053,"AZ",2,252,208.966666666667,43.0333333333333
"0422_A","3","1","PC",7.75907967457939,"AZ",2,252,208.966666666667,43.0333333333333
"0422_A","3","2","PC",7.46222904420302,"AZ",2,252,208.966666666667,43.0333333333333
"0422_A","3","3","PC",7.77169916885835,"AZ",2,252,208.966666666667,43.0333333333333
"0422_A","7","1","APC",8.57779435184626,"AZ",2,252,208.966666666667,43.0333333333333
"0422_A","7","2","APC",8.95761545299497,"AZ",2,252,208.966666666667,43.0333333333333
"0422_A","7","3","APC",8.66214516572652,"AZ",2,252,208.966666666667,43.0333333333333
"0422_A","7","1","GN",8.24457967281088,"AZ",2,252,208.966666666667,43.0333333333333
"0422_A","7","2","GN",8.6395521180322,"AZ",2,252,208.966666666667,43.0333333333333
"0422_A","7","3","GN",8.24888839897038,"AZ",2,252,208.966666666667,43.0333333333333
"0422_A","7","1","PC",8.65783643956702,"AZ",2,252,208.966666666667,43.0333333333333
"0422_A","7","2","PC",8.9638345733299,"AZ",2,252,208.966666666667,43.0333333333333
"0422_A","7","3","PC",9.26312883808499,"AZ",2,252,208.966666666667,43.0333333333333
"0422_A","14","1","APC",9.11966707814116,"AZ",2,252,208.966666666667,43.0333333333333
"0422_A","14","2","APC",9.28809287604006,"AZ",2,252,208.966666666667,43.0333333333333
"0422_A","14","3","APC",9.23394908461304,"AZ",2,252,208.966666666667,43.0333333333333
"0422_A","14","1","GN",8.59580241987917,"AZ",2,252,208.966666666667,43.0333333333333
"0422_A","14","2","GN",8.83360136775364,"AZ",2,252,208.966666666667,43.0333333333333
"0422_A","14","3","GN",8.82167462351681,"AZ",2,252,208.966666666667,43.0333333333333
"0422_A","14","1","PC",9.5619441526182,"AZ",2,252,208.966666666667,43.0333333333333
"0422_A","14","2","PC",9.55389760777807,"AZ",2,252,208.966666666667,43.0333333333333
"0422_A","14","3","PC",9.57943738627206,"AZ",2,252,208.966666666667,43.0333333333333
"0422_A","21","1","APC",9.20544002544291,"AZ",2,252,208.966666666667,43.0333333333333
"0422_A","21","2","APC",9.37752127701089,"AZ",2,252,208.966666666667,43.0333333333333
"0422_A","21","3","APC",9.40664081935998,"AZ",2,252,208.966666666667,43.0333333333333
"0422_A","21","1","GN",8.71074376353851,"AZ",2,252,208.966666666667,43.0333333333333
"0422_A","21","2","GN",8.87651810086466,"AZ",2,252,208.966666666667,43.0333333333333
"0422_A","21","3","GN",8.87184896024622,"AZ",2,252,208.966666666667,43.0333333333333
"0422_A","21","1","PC",9.51919973091412,"AZ",2,252,208.966666666667,43.0333333333333
"0422_A","21","2","PC",9.56416699187929,"AZ",2,252,208.966666666667,43.0333333333333
"0422_A","21","3","PC",9.67979208088538,"AZ",2,252,208.966666666667,43.0333333333333
"0422_B","5","1","APC",6.6158983526677,"CA",3,271.5,72.9,198.6
"0422_B","5","2","APC",6.66755757098343,"CA",3,271.5,72.9,198.6
"0422_B","5","3","APC",6.21624734742259,"CA",3,271.5,72.9,198.6
"0422_B","5","1","GN",6.27623895464759,"CA",3,271.5,72.9,198.6
"0422_B","5","2","GN",6.3945562989197,"CA",3,271.5,72.9,198.6
"0422_B","5","3","GN",6.17952454039785,"CA",3,271.5,72.9,198.6
"0422_B","5","1","PC",6.86287858710806,"CA",3,271.5,72.9,198.6
"0422_B","5","2","PC",6.89188093972765,"CA",3,271.5,72.9,198.6
"0422_B","5","3","PC",6.63927169904809,"CA",3,271.5,72.9,198.6
"0422_B","7","1","APC",6.60900331177753,"CA",3,271.5,72.9,198.6
"0422_B","7","2","APC",6.95536800102706,"CA",3,271.5,72.9,198.6
"0422_B","7","3","APC",6.44795741740383,"CA",3,271.5,72.9,198.6
"0422_B","7","1","GN",6.36596526309124,"CA",3,271.5,72.9,198.6
"0422_B","7","2","GN",6.79283325262668,"CA",3,271.5,72.9,198.6
"0422_B","7","3","GN",6.21482765737779,"CA",3,271.5,72.9,198.6
"0422_B","7","1","PC",7.05308244063225,"CA",3,271.5,72.9,198.6
"0422_B","7","2","PC",7.38397682946555,"CA",3,271.5,72.9,198.6
"0422_B","7","3","PC",6.8391640434169,"CA",3,271.5,72.9,198.6
"0422_B","14","1","APC",7.27952199057469,"CA",3,271.5,72.9,198.6
"0422_B","14","2","APC",7.78288994954567,"CA",3,271.5,72.9,198.6
"0422_B","14","3","APC",8.42630594268467,"CA",3,271.5,72.9,198.6
"0422_B","14","1","GN",7.13155501997427,"CA",3,271.5,72.9,198.6
"0422_B","14","2","GN",7.5534122424713,"CA",3,271.5,72.9,198.6
"0422_B","14","3","GN",7.93677542998318,"CA",3,271.5,72.9,198.6
"0422_B","14","1","PC",7.58963164409059,"CA",3,271.5,72.9,198.6
"0422_B","14","2","PC",8.17953161799242,"CA",3,271.5,72.9,198.6
"0422_B","14","3","PC",8.63903734111815,"CA",3,271.5,72.9,198.6
"0522_A","2","1","APC",5.24729503711185,"CA",2,206,104.166666666667,101.833333333333
"0522_A","2","2","APC",5.47505826725051,"CA",2,206,104.166666666667,101.833333333333
"0522_A","2","3","APC",5.83368853564431,"CA",2,206,104.166666666667,101.833333333333
"0522_A","2","1","GN",5.05276941470673,"CA",2,206,104.166666666667,101.833333333333
"0522_A","2","2","GN",5.38328789389486,"CA",2,206,104.166666666667,101.833333333333
"0522_A","2","3","GN",5.72253808352164,"CA",2,206,104.166666666667,101.833333333333
"0522_A","2","1","PC",5.41770916327584,"CA",2,206,104.166666666667,101.833333333333
"0522_A","2","2","PC",5.94288944619994,"CA",2,206,104.166666666667,101.833333333333
"0522_A","2","3","PC",6.12336378043116,"CA",2,206,104.166666666667,101.833333333333
"0522_A","7","1","APC",6.663696925844,"CA",2,206,104.166666666667,101.833333333333
"0522_A","7","2","APC",6.97409673421186,"CA",2,206,104.166666666667,101.833333333333
"0522_A","7","3","APC",6.44802270413384,"CA",2,206,104.166666666667,101.833333333333
"0522_A","7","1","GN",6.38702627603946,"CA",2,206,104.166666666667,101.833333333333
"0522_A","7","2","GN",6.54334422206356,"CA",2,206,104.166666666667,101.833333333333
"0522_A","7","3","GN",6.08004591883924,"CA",2,206,104.166666666667,101.833333333333
"0522_A","7","1","PC",7.41009158010816,"CA",2,206,104.166666666667,101.833333333333
"0522_A","7","2","PC",7.49513654457002,"CA",2,206,104.166666666667,101.833333333333
"0522_A","7","3","PC",7.06198191876151,"CA",2,206,104.166666666667,101.833333333333
"0522_B","2","1","APC",5.88559032253825,"CA",2,231,78.2333333333333,152.766666666667
"0522_B","2","2","APC",6.38365453177168,"CA",2,231,78.2333333333333,152.766666666667
"0522_B","2","3","APC",5.62933950735959,"CA",2,231,78.2333333333333,152.766666666667
"0522_B","2","1","GN",5.80694162650451,"CA",2,231,78.2333333333333,152.766666666667
"0522_B","2","2","GN",6.29262670098958,"CA",2,231,78.2333333333333,152.766666666667
"0522_B","2","3","GN",5.60610966664111,"CA",2,231,78.2333333333333,152.766666666667
"0522_B","2","1","PC",6.93822054114383,"CA",2,231,78.2333333333333,152.766666666667
"0522_B","2","2","PC",7.50482625313648,"CA",2,231,78.2333333333333,152.766666666667
"0522_B","2","3","PC",6.85389415035187,"CA",2,231,78.2333333333333,152.766666666667
"0522_B","7","1","APC",6.82192324021054,"CA",2,231,78.2333333333333,152.766666666667
"0522_B","7","2","APC",6.98951097090495,"CA",2,231,78.2333333333333,152.766666666667
"0522_B","7","3","APC",6.79273417233768,"CA",2,231,78.2333333333333,152.766666666667
"0522_B","7","1","GN",6.96561141283168,"CA",2,231,78.2333333333333,152.766666666667
"0522_B","7","2","GN",7.06667692571725,"CA",2,231,78.2333333333333,152.766666666667
"0522_B","7","3","GN",6.90923974140911,"CA",2,231,78.2333333333333,152.766666666667
"0522_B","7","1","PC",8.21357315959873,"CA",2,231,78.2333333333333,152.766666666667
"0522_B","7","2","PC",8.2657173828439,"CA",2,231,78.2333333333333,152.766666666667
"0522_B","7","3","PC",8.04051865604843,"CA",2,231,78.2333333333333,152.766666666667
"0522_B","14","1","APC",7.52463636717038,"CA",2,231,78.2333333333333,152.766666666667
"0522_B","14","2","APC",7.71682801094458,"CA",2,231,78.2333333333333,152.766666666667
"0522_B","14","3","APC",7.691685823084,"CA",2,231,78.2333333333333,152.766666666667
"0522_B","14","1","GN",7.63767588047897,"CA",2,231,78.2333333333333,152.766666666667
"0522_B","14","2","GN",7.85478725754539,"CA",2,231,78.2333333333333,152.766666666667
"0522_B","14","3","GN",7.60540423661843,"CA",2,231,78.2333333333333,152.766666666667
"0522_B","14","1","PC",8.73095160883193,"CA",2,231,78.2333333333333,152.766666666667
"0522_B","14","2","PC",8.96576033801687,"CA",2,231,78.2333333333333,152.766666666667
"0522_B","14","3","PC",8.95385888221055,"CA",2,231,78.2333333333333,152.766666666667
"0522_B","21","1","APC",7.9083525151579,"CA",2,231,78.2333333333333,152.766666666667
"0522_B","21","2","APC",7.82703733649334,"CA",2,231,78.2333333333333,152.766666666667
"0522_B","21","3","APC",7.87131256791225,"CA",2,231,78.2333333333333,152.766666666667
"0522_B","21","1","GN",7.80386540384551,"CA",2,231,78.2333333333333,152.766666666667
"0522_B","21","2","GN",7.7730555240271,"CA",2,231,78.2333333333333,152.766666666667
"0522_B","21","3","GN",7.91127586785727,"CA",2,231,78.2333333333333,152.766666666667
"0522_B","21","1","PC",9.04739950567757,"CA",2,231,78.2333333333333,152.766666666667
"0522_B","21","2","PC",8.9617359103908,"CA",2,231,78.2333333333333,152.766666666667
"0522_B","21","3","PC",8.93223784711993,"CA",2,231,78.2333333333333,152.766666666667
"0522_B","28","1","APC",8.76113950890147,"CA",2,231,78.2333333333333,152.766666666667
"0522_B","28","2","APC",8.93460281729741,"CA",2,231,78.2333333333333,152.766666666667
"0522_B","28","3","APC",8.71954776496263,"CA",2,231,78.2333333333333,152.766666666667
"0522_B","28","1","GN",8.6539295392536,"CA",2,231,78.2333333333333,152.766666666667
"0522_B","28","2","GN",8.57108037342906,"CA",2,231,78.2333333333333,152.766666666667
"0522_B","28","3","GN",8.37021308972409,"CA",2,231,78.2333333333333,152.766666666667
"0522_B","28","1","PC",9.77778118022069,"CA",2,231,78.2333333333333,152.766666666667
"0522_B","28","2","PC",9.85898869177114,"CA",2,231,78.2333333333333,152.766666666667
"0522_B","28","3","PC",9.59206183934045,"CA",2,231,78.2333333333333,152.766666666667
"0522_C","3","1","APC",7.46755016557061,"CA",0,233.5,146.116666666667,87.3833333333333
"0522_C","3","2","APC",6.42934203983673,"CA",0,233.5,146.116666666667,87.3833333333333
"0522_C","3","3","APC",6.46666405351399,"CA",0,233.5,146.116666666667,87.3833333333333
"0522_C","3","1","GN",7.07093827561528,"CA",0,233.5,146.116666666667,87.3833333333333
"0522_C","3","2","GN",5.89174003773569,"CA",0,233.5,146.116666666667,87.3833333333333
"0522_C","3","3","GN",6.05858441349107,"CA",0,233.5,146.116666666667,87.3833333333333
"0522_C","3","1","PC",7.54842957277294,"CA",0,233.5,146.116666666667,87.3833333333333
"0522_C","3","2","PC",6.47726559215392,"CA",0,233.5,146.116666666667,87.3833333333333
"0522_C","3","3","PC",6.62223364542507,"CA",0,233.5,146.116666666667,87.3833333333333
"0522_C","7","1","APC",7.82761344535335,"CA",0,233.5,146.116666666667,87.3833333333333
"0522_C","7","2","APC",7.53682009213152,"CA",0,233.5,146.116666666667,87.3833333333333
"0522_C","7","3","APC",7.48103449325186,"CA",0,233.5,146.116666666667,87.3833333333333
"0522_C","7","1","GN",7.46154985470303,"CA",0,233.5,146.116666666667,87.3833333333333
"0522_C","7","2","GN",7.50512315594508,"CA",0,233.5,146.116666666667,87.3833333333333
"0522_C","7","3","GN",7.37291200297011,"CA",0,233.5,146.116666666667,87.3833333333333
"0522_C","7","1","PC",8.16318425072046,"CA",0,233.5,146.116666666667,87.3833333333333
"0522_C","7","2","PC",8.01986059827071,"CA",0,233.5,146.116666666667,87.3833333333333
"0522_C","7","3","PC",8.2095768754475,"CA",0,233.5,146.116666666667,87.3833333333333
"0522_C","14","1","APC",8.6069964833997,"CA",0,233.5,146.116666666667,87.3833333333333
"0522_C","14","2","APC",8.1966095242357,"CA",0,233.5,146.116666666667,87.3833333333333
"0522_C","14","3","APC",8.3684468575035,"CA",0,233.5,146.116666666667,87.3833333333333
"0522_C","14","1","GN",8.47882877666121,"CA",0,233.5,146.116666666667,87.3833333333333
"0522_C","14","2","GN",7.98238017148954,"CA",0,233.5,146.116666666667,87.3833333333333
"0522_C","14","3","GN",8.20910732454193,"CA",0,233.5,146.116666666667,87.3833333333333
"0522_C","14","1","PC",8.93150757491321,"CA",0,233.5,146.116666666667,87.3833333333333
"0522_C","14","2","PC",8.5529005512051,"CA",0,233.5,146.116666666667,87.3833333333333
"0522_C","14","3","PC",8.78703363615318,"CA",0,233.5,146.116666666667,87.3833333333333
"0522_C","21","1","APC",8.79659184102543,"CA",0,233.5,146.116666666667,87.3833333333333
"0522_C","21","2","APC",8.85090574378945,"CA",0,233.5,146.116666666667,87.3833333333333
"0522_C","21","3","APC",8.4597019520865,"CA",0,233.5,146.116666666667,87.3833333333333
"0522_C","21","1","GN",8.47000774088906,"CA",0,233.5,146.116666666667,87.3833333333333
"0522_C","21","2","GN",8.6345198898746,"CA",0,233.5,146.116666666667,87.3833333333333
"0522_C","21","3","GN",8.24458658512911,"CA",0,233.5,146.116666666667,87.3833333333333
"0522_C","21","1","PC",9.20313202145939,"CA",0,233.5,146.116666666667,87.3833333333333
"0522_C","21","2","PC",9.21572974222944,"CA",0,233.5,146.116666666667,87.3833333333333
"0522_C","21","3","PC",8.96101801601582,"CA",0,233.5,146.116666666667,87.3833333333333
"0522_C","28","1","APC",9.06287198022408,"CA",0,233.5,146.116666666667,87.3833333333333
"0522_C","28","2","APC",8.74302122030371,"CA",0,233.5,146.116666666667,87.3833333333333
"0522_C","28","3","APC",9.25121002391624,"CA",0,233.5,146.116666666667,87.3833333333333
"0522_C","28","1","GN",8.93098438366045,"CA",0,233.5,146.116666666667,87.3833333333333
"0522_C","28","2","GN",8.51044860529558,"CA",0,233.5,146.116666666667,87.3833333333333
"0522_C","28","3","GN",9.0307993368122,"CA",0,233.5,146.116666666667,87.3833333333333
"0522_C","28","1","PC",9.49398035214877,"CA",0,233.5,146.116666666667,87.3833333333333
"0522_C","28","2","PC",9.08768501289851,"CA",0,233.5,146.116666666667,87.3833333333333
"0522_C","28","3","PC",9.70006241431519,"CA",0,233.5,146.116666666667,87.3833333333333
"0622_A","5","1","APC",6.76929013877396,"CA",2,247,73.6666666666667,173.333333333333
"0622_A","5","2","APC",6.46860124903517,"CA",2,247,73.6666666666667,173.333333333333
"0622_A","5","3","APC",6.10072533575996,"CA",2,247,73.6666666666667,173.333333333333
"0622_A","5","1","GN",6.57056518800474,"CA",2,247,73.6666666666667,173.333333333333
"0622_A","5","2","GN",6.43383914277596,"CA",2,247,73.6666666666667,173.333333333333
"0622_A","5","3","GN",6.18815945688414,"CA",2,247,73.6666666666667,173.333333333333
"0622_A","5","1","PC",6.82643302491053,"CA",2,247,73.6666666666667,173.333333333333
"0622_A","5","2","PC",6.87840436353989,"CA",2,247,73.6666666666667,173.333333333333
"0622_A","5","3","PC",6.6652807116038,"CA",2,247,73.6666666666667,173.333333333333
"0622_A","7","1","APC",6.74923911602826,"CA",2,247,73.6666666666667,173.333333333333
"0622_A","7","2","APC",6.55365634743796,"CA",2,247,73.6666666666667,173.333333333333
"0622_A","7","3","APC",6.88971071386826,"CA",2,247,73.6666666666667,173.333333333333
"0622_A","7","1","GN",6.64417735100066,"CA",2,247,73.6666666666667,173.333333333333
"0622_A","7","2","GN",6.44029948337948,"CA",2,247,73.6666666666667,173.333333333333
"0622_A","7","3","GN",6.77278994927581,"CA",2,247,73.6666666666667,173.333333333333
"0622_A","7","1","PC",6.97394978362502,"CA",2,247,73.6666666666667,173.333333333333
"0622_A","7","2","PC",6.96772585641054,"CA",2,247,73.6666666666667,173.333333333333
"0622_A","7","3","PC",7.42639460256484,"CA",2,247,73.6666666666667,173.333333333333
"0622_A","14","1","APC",8.02717939444291,"CA",2,247,73.6666666666667,173.333333333333
"0622_A","14","2","APC",7.70459750251215,"CA",2,247,73.6666666666667,173.333333333333
"0622_A","14","3","APC",7.42718344655396,"CA",2,247,73.6666666666667,173.333333333333
"0622_A","14","1","GN",7.8929802967154,"CA",2,247,73.6666666666667,173.333333333333
"0622_A","14","2","GN",7.6337902920683,"CA",2,247,73.6666666666667,173.333333333333
"0622_A","14","3","GN",7.34499669036661,"CA",2,247,73.6666666666667,173.333333333333
"0622_A","14","1","PC",8.93118464938563,"CA",2,247,73.6666666666667,173.333333333333
"0622_A","14","2","PC",8.53233265130952,"CA",2,247,73.6666666666667,173.333333333333
"0622_A","14","3","PC",8.23894329791869,"CA",2,247,73.6666666666667,173.333333333333
"0622_A","21","1","APC",8.19875754706084,"CA",2,247,73.6666666666667,173.333333333333
"0622_A","21","2","APC",8.58106720947204,"CA",2,247,73.6666666666667,173.333333333333
"0622_A","21","3","APC",8.79144453174261,"CA",2,247,73.6666666666667,173.333333333333
"0622_A","21","1","GN",8.04065738930271,"CA",2,247,73.6666666666667,173.333333333333
"0622_A","21","2","GN",8.38106379301095,"CA",2,247,73.6666666666667,173.333333333333
"0622_A","21","3","GN",8.56959578212625,"CA",2,247,73.6666666666667,173.333333333333
"0622_A","21","1","PC",8.78951926358437,"CA",2,247,73.6666666666667,173.333333333333
"0622_A","21","2","PC",9.17661591718588,"CA",2,247,73.6666666666667,173.333333333333
"0622_A","21","3","PC",9.73299277055373,"CA",2,247,73.6666666666667,173.333333333333
"0622_A","28","1","APC",8.91086386588018,"CA",2,247,73.6666666666667,173.333333333333
"0622_A","28","2","APC",8.84090476238449,"CA",2,247,73.6666666666667,173.333333333333
"0622_A","28","3","APC",8.58892491423624,"CA",2,247,73.6666666666667,173.333333333333
"0622_A","28","1","GN",8.73113832216941,"CA",2,247,73.6666666666667,173.333333333333
"0622_A","28","2","GN",8.49313136317818,"CA",2,247,73.6666666666667,173.333333333333
"0622_A","28","3","GN",8.28789491857226,"CA",2,247,73.6666666666667,173.333333333333
"0622_A","28","1","PC",9.6098338702162,"CA",2,247,73.6666666666667,173.333333333333
"0622_A","28","2","PC",9.56568203032679,"CA",2,247,73.6666666666667,173.333333333333
"0622_A","28","3","PC",9.28789491857226,"CA",2,247,73.6666666666667,173.333333333333
"0622_B","3","1","APC",6.08405334652629,"CA",2,132,79.3,52.7
"0622_B","3","2","APC",5.77662637488873,"CA",2,132,79.3,52.7
"0622_B","3","3","APC",6.20267680004455,"CA",2,132,79.3,52.7
"0622_B","3","1","GN",5.75306012748487,"CA",2,132,79.3,52.7
"0622_B","3","2","GN",5.51284443664437,"CA",2,132,79.3,52.7
"0622_B","3","3","GN",5.91354602768028,"CA",2,132,79.3,52.7
"0622_B","3","1","PC",6.10293869068667,"CA",2,132,79.3,52.7
"0622_B","3","2","PC",5.7987406891793,"CA",2,132,79.3,52.7
"0622_B","3","3","PC",6.22843766218897,"CA",2,132,79.3,52.7
"0622_B","7","1","APC",7.59798898500805,"CA",2,132,79.3,52.7
"0622_B","7","2","APC",7.01469757883857,"CA",2,132,79.3,52.7
"0622_B","7","3","APC",7.11513180134698,"CA",2,132,79.3,52.7
"0622_B","7","1","GN",6.83704873581231,"CA",2,132,79.3,52.7
"0622_B","7","2","GN",7.42736084433131,"CA",2,132,79.3,52.7
"0622_B","7","3","GN",7.03269961170755,"CA",2,132,79.3,52.7
"0622_B","7","1","PC",7.81798572976281,"CA",2,132,79.3,52.7
"0622_B","7","2","PC",7.08057335810665,"CA",2,132,79.3,52.7
"0622_B","7","3","PC",7.55379480424747,"CA",2,132,79.3,52.7
"0622_B","12","1","APC",7.5878828106939,"CA",2,132,79.3,52.7
"0622_B","12","2","APC",8.1168629025177,"CA",2,132,79.3,52.7
"0622_B","12","3","APC",7.60417760107548,"CA",2,132,79.3,52.7
"0622_B","12","1","GN",7.2817131753775,"CA",2,132,79.3,52.7
"0622_B","12","2","GN",7.82031791554559,"CA",2,132,79.3,52.7
"0622_B","12","3","GN",7.22971868825297,"CA",2,132,79.3,52.7
"0622_B","12","1","PC",7.9303054915161,"CA",2,132,79.3,52.7
"0622_B","12","2","PC",8.56977891214487,"CA",2,132,79.3,52.7
"0622_B","12","3","PC",7.63220632467573,"CA",2,132,79.3,52.7
"0622_B","17","1","APC",8.5919172622206,"CA",2,132,79.3,52.7
"0622_B","17","2","APC",8.18741963441461,"CA",2,132,79.3,52.7
"0622_B","17","3","APC",7.42417872328349,"CA",2,132,79.3,52.7
"0622_B","17","1","GN",8.04710831155147,"CA",2,132,79.3,52.7
"0622_B","17","2","GN",7.75631126248992,"CA",2,132,79.3,52.7
"0622_B","17","3","GN",7.17184065151923,"CA",2,132,79.3,52.7
"0622_B","17","1","PC",8.94409978033196,"CA",2,132,79.3,52.7
"0622_B","17","2","PC",8.61972854471791,"CA",2,132,79.3,52.7
"0622_B","17","3","PC",8.10048474298356,"CA",2,132,79.3,52.7
"0622_B","22","1","APC",8.65836842492817,"CA",2,132,79.3,52.7
"0622_B","22","2","APC",8.10874699995191,"CA",2,132,79.3,52.7
"0622_B","22","3","APC",8.7004064730262,"CA",2,132,79.3,52.7
"0622_B","22","1","GN",8.09133771580258,"CA",2,132,79.3,52.7
"0622_B","22","2","GN",7.52141026544465,"CA",2,132,79.3,52.7
"0622_B","22","3","GN",8.2074909511233,"CA",2,132,79.3,52.7
"0622_B","22","1","PC",8.74115379524462,"CA",2,132,79.3,52.7
"0622_B","22","2","PC",8.07771276621194,"CA",2,132,79.3,52.7
"0622_B","22","3","PC",8.97133473646707,"CA",2,132,79.3,52.7
"0722_A","5","1","APC",5.78094730230803,"CA",3,155,75.2333333333333,79.7666666666667
"0722_A","5","2","APC",5.91487308707472,"CA",3,155,75.2333333333333,79.7666666666667
"0722_A","5","3","APC",5.70406495000238,"CA",3,155,75.2333333333333,79.7666666666667
"0722_A","5","1","GN",5.42794767298309,"CA",3,155,75.2333333333333,79.7666666666667
"0722_A","5","2","GN",5.66392195575406,"CA",3,155,75.2333333333333,79.7666666666667
"0722_A","5","3","GN",5.44800209985492,"CA",3,155,75.2333333333333,79.7666666666667
"0722_A","5","1","PC",5.83607260863412,"CA",3,155,75.2333333333333,79.7666666666667
"0722_A","5","2","PC",5.90014983025402,"CA",3,155,75.2333333333333,79.7666666666667
"0722_A","5","3","PC",5.78977706320897,"CA",3,155,75.2333333333333,79.7666666666667
"0722_A","7","1","APC",6.70426109468429,"CA",3,155,75.2333333333333,79.7666666666667
"0722_A","7","2","APC",6.42792170029287,"CA",3,155,75.2333333333333,79.7666666666667
"0722_A","7","3","APC",6.64564263562989,"CA",3,155,75.2333333333333,79.7666666666667
"0722_A","7","1","GN",6.53983843596309,"CA",3,155,75.2333333333333,79.7666666666667
"0722_A","7","2","GN",6.24465185661007,"CA",3,155,75.2333333333333,79.7666666666667
"0722_A","7","3","GN",6.48753079789897,"CA",3,155,75.2333333333333,79.7666666666667
"0722_A","7","1","PC",6.91986089502365,"CA",3,155,75.2333333333333,79.7666666666667
"0722_A","7","2","PC",6.73601355044434,"CA",3,155,75.2333333333333,79.7666666666667
"0722_A","7","3","PC",7.00129358218585,"CA",3,155,75.2333333333333,79.7666666666667
"0722_A","12","1","APC",8.17386010747144,"CA",3,155,75.2333333333333,79.7666666666667
"0722_A","12","2","APC",7.80140598094539,"CA",3,155,75.2333333333333,79.7666666666667
"0722_A","12","3","APC",8.05911657320313,"CA",3,155,75.2333333333333,79.7666666666667
"0722_A","12","1","GN",7.7784088992031,"CA",3,155,75.2333333333333,79.7666666666667
"0722_A","12","2","GN",7.28952261996652,"CA",3,155,75.2333333333333,79.7666666666667
"0722_A","12","3","GN",7.62619898097552,"CA",3,155,75.2333333333333,79.7666666666667
"0722_A","12","1","PC",8.36225514922442,"CA",3,155,75.2333333333333,79.7666666666667
"0722_A","12","2","PC",8.15121992180024,"CA",3,155,75.2333333333333,79.7666666666667
"0722_A","12","3","PC",8.35581657804497,"CA",3,155,75.2333333333333,79.7666666666667
"0722_A","17","1","APC",8.78417999456704,"CA",3,155,75.2333333333333,79.7666666666667
"0722_A","17","2","APC",8.25592737178913,"CA",3,155,75.2333333333333,79.7666666666667
"0722_A","17","3","APC",8.3460789408667,"CA",3,155,75.2333333333333,79.7666666666667
"0722_A","17","1","GN",8.28150463537499,"CA",3,155,75.2333333333333,79.7666666666667
"0722_A","17","2","GN",7.8984160201727,"CA",3,155,75.2333333333333,79.7666666666667
"0722_A","17","3","GN",8.11872721988703,"CA",3,155,75.2333333333333,79.7666666666667
"0722_A","17","1","PC",9.10343481033722,"CA",3,155,75.2333333333333,79.7666666666667
"0722_A","17","2","PC",8.63877870966694,"CA",3,155,75.2333333333333,79.7666666666667
"0722_A","17","3","PC",8.7236922018584,"CA",3,155,75.2333333333333,79.7666666666667
"0722_A","22","1","APC",9.14841705688272,"CA",3,155,75.2333333333333,79.7666666666667
"0722_A","22","2","APC",8.43070489060507,"CA",3,155,75.2333333333333,79.7666666666667
"0722_A","22","3","APC",8.8004948203651,"CA",3,155,75.2333333333333,79.7666666666667
"0722_A","22","1","GN",8.83174792691156,"CA",3,155,75.2333333333333,79.7666666666667
"0722_A","22","2","GN",8.17759844725827,"CA",3,155,75.2333333333333,79.7666666666667
"0722_A","22","3","GN",8.38366946753269,"CA",3,155,75.2333333333333,79.7666666666667
"0722_A","22","1","PC",9.28912512343546,"CA",3,155,75.2333333333333,79.7666666666667
"0722_A","22","2","PC",8.70563208370485,"CA",3,155,75.2333333333333,79.7666666666667
"0722_A","22","3","PC",9.19905041309755,"CA",3,155,75.2333333333333,79.7666666666667
"0822_A","4","1","APC",6.53046503936626,"CA",2,108.5,74.1666666666667,34.3333333333333
"0822_A","4","2","APC",5.87315520637109,"CA",2,108.5,74.1666666666667,34.3333333333333
"0822_A","4","3","APC",5.72716840820009,"CA",2,108.5,74.1666666666667,34.3333333333333
"0822_A","4","1","GN",6.31607217212949,"CA",2,108.5,74.1666666666667,34.3333333333333
"0822_A","4","2","GN",5.53073252554889,"CA",2,108.5,74.1666666666667,34.3333333333333
"0822_A","4","3","GN",5.52304842554417,"CA",2,108.5,74.1666666666667,34.3333333333333
"0822_A","4","1","PC",6.75118428384164,"CA",2,108.5,74.1666666666667,34.3333333333333
"0822_A","4","2","PC",6.02858326512729,"CA",2,108.5,74.1666666666667,34.3333333333333
"0822_A","4","3","PC",5.944652352414,"CA",2,108.5,74.1666666666667,34.3333333333333
"0822_A","7","1","APC",8.06654676788691,"CA",2,108.5,74.1666666666667,34.3333333333333
"0822_A","7","2","APC",7.29045679683176,"CA",2,108.5,74.1666666666667,34.3333333333333
"0822_A","7","3","APC",7.90990290718493,"CA",2,108.5,74.1666666666667,34.3333333333333
"0822_A","7","1","GN",7.89045550883123,"CA",2,108.5,74.1666666666667,34.3333333333333
"0822_A","7","2","GN",7.13417393112963,"CA",2,108.5,74.1666666666667,34.3333333333333
"0822_A","7","3","GN",7.69430310684558,"CA",2,108.5,74.1666666666667,34.3333333333333
"0822_A","7","1","PC",8.17997186896053,"CA",2,108.5,74.1666666666667,34.3333333333333
"0822_A","7","2","PC",7.52373500822889,"CA",2,108.5,74.1666666666667,34.3333333333333
"0822_A","7","3","PC",8.12075627249983,"CA",2,108.5,74.1666666666667,34.3333333333333
"0822_A","12","1","APC",8.4638594761125,"CA",2,108.5,74.1666666666667,34.3333333333333
"0822_A","12","2","APC",8.57327574993657,"CA",2,108.5,74.1666666666667,34.3333333333333
"0822_A","12","3","APC",8.26971511170242,"CA",2,108.5,74.1666666666667,34.3333333333333
"0822_A","12","1","GN",8.24201072649614,"CA",2,108.5,74.1666666666667,34.3333333333333
"0822_A","12","2","GN",8.23268854981648,"CA",2,108.5,74.1666666666667,34.3333333333333
"0822_A","12","3","GN",8.02749060271435,"CA",2,108.5,74.1666666666667,34.3333333333333
"0822_A","12","1","PC",8.57995280549289,"CA",2,108.5,74.1666666666667,34.3333333333333
"0822_A","12","2","PC",8.78687162447637,"CA",2,108.5,74.1666666666667,34.3333333333333
"0822_A","12","3","PC",8.45298495538523,"CA",2,108.5,74.1666666666667,34.3333333333333
"0822_A","17","1","APC",9.17921008381943,"CA",2,108.5,74.1666666666667,34.3333333333333
"0822_A","17","2","APC",8.89183421110036,"CA",2,108.5,74.1666666666667,34.3333333333333
"0822_A","17","3","APC",9.11648237313324,"CA",2,108.5,74.1666666666667,34.3333333333333
"0822_A","17","1","GN",8.80574384453059,"CA",2,108.5,74.1666666666667,34.3333333333333
"0822_A","17","2","GN",8.73693225111461,"CA",2,108.5,74.1666666666667,34.3333333333333
"0822_A","17","3","GN",8.84699917409406,"CA",2,108.5,74.1666666666667,34.3333333333333
"0822_A","17","1","PC",9.4122430003883,"CA",2,108.5,74.1666666666667,34.3333333333333
"0822_A","17","2","PC",9.2164797383004,"CA",2,108.5,74.1666666666667,34.3333333333333
"0822_A","17","3","PC",9.34129560171333,"CA",2,108.5,74.1666666666667,34.3333333333333
"0822_A","22","1","APC",9.34763588817662,"CA",2,108.5,74.1666666666667,34.3333333333333
"0822_A","22","2","APC",9.31407624063768,"CA",2,108.5,74.1666666666667,34.3333333333333
"0822_A","22","3","APC",9.47572432494823,"CA",2,108.5,74.1666666666667,34.3333333333333
"0822_A","22","1","GN",8.88584426543817,"CA",2,108.5,74.1666666666667,34.3333333333333
"0822_A","22","2","GN",8.96540461053847,"CA",2,108.5,74.1666666666667,34.3333333333333
"0822_A","22","3","GN",9.17329111487481,"CA",2,108.5,74.1666666666667,34.3333333333333
"0822_A","22","1","PC",9.53983708265067,"CA",2,108.5,74.1666666666667,34.3333333333333
"0822_A","22","2","PC",9.53019070959177,"CA",2,108.5,74.1666666666667,34.3333333333333
"0822_A","22","3","PC",9.89552023985394,"CA",2,108.5,74.1666666666667,34.3333333333333
"0822_B","1","1","APC",5.37860914395143,"CA",2,111,87.3333333333333,23.6666666666667
"0822_B","1","2","APC",5.59914603197713,"CA",2,111,87.3333333333333,23.6666666666667
"0822_B","1","3","APC",5.37077124630582,"CA",2,111,87.3333333333333,23.6666666666667
"0822_B","1","1","GN",5.12120089470475,"CA",2,111,87.3333333333333,23.6666666666667
"0822_B","1","2","GN",5.22072816300757,"CA",2,111,87.3333333333333,23.6666666666667
"0822_B","1","3","GN",4.94534845311474,"CA",2,111,87.3333333333333,23.6666666666667
"0822_B","1","1","PC",5.40252130135684,"CA",2,111,87.3333333333333,23.6666666666667
"0822_B","1","2","PC",5.36719695545645,"CA",2,111,87.3333333333333,23.6666666666667
"0822_B","1","3","PC",5.28598186597362,"CA",2,111,87.3333333333333,23.6666666666667
"0822_B","7","1","APC",7.55393615774656,"CA",2,111,87.3333333333333,23.6666666666667
"0822_B","7","2","APC",7.69236730387505,"CA",2,111,87.3333333333333,23.6666666666667
"0822_B","7","3","APC",7.02356732777035,"CA",2,111,87.3333333333333,23.6666666666667
"0822_B","7","1","GN",7.2126115672234,"CA",2,111,87.3333333333333,23.6666666666667
"0822_B","7","2","GN",7.5221055884801,"CA",2,111,87.3333333333333,23.6666666666667
"0822_B","7","3","GN",6.76977076115438,"CA",2,111,87.3333333333333,23.6666666666667
"0822_B","7","1","PC",7.53137032984781,"CA",2,111,87.3333333333333,23.6666666666667
"0822_B","7","2","PC",7.56612241746447,"CA",2,111,87.3333333333333,23.6666666666667
"0822_B","7","3","PC",7.02541146846873,"CA",2,111,87.3333333333333,23.6666666666667
"0822_B","12","1","APC",8.64138218287436,"CA",2,111,87.3333333333333,23.6666666666667
"0822_B","12","2","APC",8.51092555304095,"CA",2,111,87.3333333333333,23.6666666666667
"0822_B","12","3","APC",8.46671662585851,"CA",2,111,87.3333333333333,23.6666666666667
"0822_B","12","1","GN",8.44254779668012,"CA",2,111,87.3333333333333,23.6666666666667
"0822_B","12","2","GN",8.38598681643265,"CA",2,111,87.3333333333333,23.6666666666667
"0822_B","12","3","GN",8.14449733112459,"CA",2,111,87.3333333333333,23.6666666666667
"0822_B","12","1","PC",8.80851859927712,"CA",2,111,87.3333333333333,23.6666666666667
"0822_B","12","2","PC",8.79031362376609,"CA",2,111,87.3333333333333,23.6666666666667
"0822_B","12","3","PC",8.51247411641918,"CA",2,111,87.3333333333333,23.6666666666667
"0822_B","17","1","APC",8.76883552637969,"CA",2,111,87.3333333333333,23.6666666666667
"0822_B","17","2","APC",8.71247503173645,"CA",2,111,87.3333333333333,23.6666666666667
"0822_B","17","3","APC",8.52164578760382,"CA",2,111,87.3333333333333,23.6666666666667
"0822_B","17","1","GN",8.45444156915773,"CA",2,111,87.3333333333333,23.6666666666667
"0822_B","17","2","GN",8.50761203011074,"CA",2,111,87.3333333333333,23.6666666666667
"0822_B","17","3","GN",8.23285024835685,"CA",2,111,87.3333333333333,23.6666666666667
"0822_B","17","1","PC",9.17589149604518,"CA",2,111,87.3333333333333,23.6666666666667
"0822_B","17","2","PC",8.83741376834475,"CA",2,111,87.3333333333333,23.6666666666667
"0822_B","17","3","PC",8.71397424553018,"CA",2,111,87.3333333333333,23.6666666666667
"0822_B","22","1","APC",9.15623673423728,"CA",2,111,87.3333333333333,23.6666666666667
"0822_B","22","2","APC",9.1107576189238,"CA",2,111,87.3333333333333,23.6666666666667
"0822_B","22","3","APC",8.98295060723052,"CA",2,111,87.3333333333333,23.6666666666667
"0822_B","22","1","GN",8.89709889990147,"CA",2,111,87.3333333333333,23.6666666666667
"0822_B","22","2","GN",8.85018877401055,"CA",2,111,87.3333333333333,23.6666666666667
"0822_B","22","3","GN",8.83283819056069,"CA",2,111,87.3333333333333,23.6666666666667
"0822_B","22","1","PC",9.55417674290931,"CA",2,111,87.3333333333333,23.6666666666667
"0822_B","22","2","PC",9.18206921395687,"CA",2,111,87.3333333333333,23.6666666666667
"0822_B","22","3","PC",9.39838134806289,"CA",2,111,87.3333333333333,23.6666666666667
"0922_A","3","1","APC",6.50732078761433,"CA",4,134,100.283333333333,33.7166666666667
"0922_A","3","2","APC",6.35870953567693,"CA",4,134,100.283333333333,33.7166666666667
"0922_A","3","3","APC",5.88978808164515,"CA",4,134,100.283333333333,33.7166666666667
"0922_A","3","1","GN",6.34346398497566,"CA",4,134,100.283333333333,33.7166666666667
"0922_A","3","2","GN",6.06209762981298,"CA",4,134,100.283333333333,33.7166666666667
"0922_A","3","3","GN",5.74865199152442,"CA",4,134,100.283333333333,33.7166666666667
"0922_A","3","1","PC",6.46840272158396,"CA",4,134,100.283333333333,33.7166666666667
"0922_A","3","2","PC",7.18527452026499,"CA",4,134,100.283333333333,33.7166666666667
"0922_A","3","3","PC",5.62486983211606,"CA",4,134,100.283333333333,33.7166666666667
"0922_A","7","1","APC",7.53427526550006,"CA",4,134,100.283333333333,33.7166666666667
"0922_A","7","2","APC",7.68636806844906,"CA",4,134,100.283333333333,33.7166666666667
"0922_A","7","3","APC",6.94580934190246,"CA",4,134,100.283333333333,33.7166666666667
"0922_A","7","1","GN",7.32555953115499,"CA",4,134,100.283333333333,33.7166666666667
"0922_A","7","2","GN",7.40969741864453,"CA",4,134,100.283333333333,33.7166666666667
"0922_A","7","3","GN",6.68919848602689,"CA",4,134,100.283333333333,33.7166666666667
"0922_A","7","1","PC",7.64909686781682,"CA",4,134,100.283333333333,33.7166666666667
"0922_A","7","2","PC",8.16764528293988,"CA",4,134,100.283333333333,33.7166666666667
"0922_A","7","3","PC",8.26855858725968,"CA",4,134,100.283333333333,33.7166666666667
"0922_A","12","1","APC",8.4548641976527,"CA",4,134,100.283333333333,33.7166666666667
"0922_A","12","2","APC",8.33449638450857,"CA",4,134,100.283333333333,33.7166666666667
"0922_A","12","3","APC",8.16155111085293,"CA",4,134,100.283333333333,33.7166666666667
"0922_A","12","1","GN",8.40537883457278,"CA",4,134,100.283333333333,33.7166666666667
"0922_A","12","2","GN",8.27073549732843,"CA",4,134,100.283333333333,33.7166666666667
"0922_A","12","3","GN",8.05801051894586,"CA",4,134,100.283333333333,33.7166666666667
"0922_A","12","1","PC",8.7942391853929,"CA",4,134,100.283333333333,33.7166666666667
"0922_A","12","2","PC",8.86257632347471,"CA",4,134,100.283333333333,33.7166666666667
"0922_A","12","3","PC",8.41388918261719,"CA",4,134,100.283333333333,33.7166666666667
"0922_A","17","1","APC",8.95422090221119,"CA",4,134,100.283333333333,33.7166666666667
"0922_A","17","2","APC",8.58264995122135,"CA",4,134,100.283333333333,33.7166666666667
"0922_A","17","3","APC",8.53232378318262,"CA",4,134,100.283333333333,33.7166666666667
"0922_A","17","1","GN",8.52968312504535,"CA",4,134,100.283333333333,33.7166666666667
"0922_A","17","2","GN",8.39900555427523,"CA",4,134,100.283333333333,33.7166666666667
"0922_A","17","3","GN",8.1811271780529,"CA",4,134,100.283333333333,33.7166666666667
"0922_A","17","1","PC",9.21589589892362,"CA",4,134,100.283333333333,33.7166666666667
"0922_A","17","2","PC",8.81339241399769,"CA",4,134,100.283333333333,33.7166666666667
"0922_A","17","3","PC",8.77616682650514,"CA",4,134,100.283333333333,33.7166666666667
"0922_A","22","1","APC",8.84208530053901,"CA",4,134,100.283333333333,33.7166666666667
"0922_A","22","2","APC",8.77963308345416,"CA",4,134,100.283333333333,33.7166666666667
"0922_A","22","3","APC",9.0815779947903,"CA",4,134,100.283333333333,33.7166666666667
"0922_A","22","1","GN",8.58625205361229,"CA",4,134,100.283333333333,33.7166666666667
"0922_A","22","2","GN",8.51639164867957,"CA",4,134,100.283333333333,33.7166666666667
"0922_A","22","3","GN",8.73587760420686,"CA",4,134,100.283333333333,33.7166666666667
"0922_A","22","1","PC",9.10811963549776,"CA",4,134,100.283333333333,33.7166666666667
"0922_A","22","2","PC",9.18280561905987,"CA",4,134,100.283333333333,33.7166666666667
"0922_A","22","3","PC",9.36256007044316,"CA",4,134,100.283333333333,33.7166666666667
"0922_B","3","1","APC",6.39878688690828,"CA",NA,NA,NA,59.7333333333333
"0922_B","3","2","APC",6.91558595674589,"CA",NA,NA,NA,59.7333333333333
"0922_B","3","3","APC",6.7638663455101,"CA",NA,NA,NA,59.7333333333333
"0922_B","3","1","GN",6.28406731548167,"CA",NA,NA,NA,59.7333333333333
"0922_B","3","2","GN",6.72315173241516,"CA",NA,NA,NA,59.7333333333333
"0922_B","3","3","GN",6.66607985494541,"CA",NA,NA,NA,59.7333333333333
"0922_B","3","1","PC",6.60484136934141,"CA",NA,NA,NA,59.7333333333333
"0922_B","3","2","PC",7.06452496975796,"CA",NA,NA,NA,59.7333333333333
"0922_B","3","3","PC",7.13582751179628,"CA",NA,NA,NA,59.7333333333333
"0922_B","7","1","APC",7.53516684619554,"CA",NA,NA,NA,59.7333333333333
"0922_B","7","2","APC",7.74590604238224,"CA",NA,NA,NA,59.7333333333333
"0922_B","7","3","APC",7.51891101612771,"CA",NA,NA,NA,59.7333333333333
"0922_B","7","1","GN",7.55198034520519,"CA",NA,NA,NA,59.7333333333333
"0922_B","7","2","GN",7.67018532844412,"CA",NA,NA,NA,59.7333333333333
"0922_B","7","3","GN",7.43624144223426,"CA",NA,NA,NA,59.7333333333333
"0922_B","7","1","PC",7.83333020120792,"CA",NA,NA,NA,59.7333333333333
"0922_B","7","2","PC",7.77284767034127,"CA",NA,NA,NA,59.7333333333333
"0922_B","7","3","PC",7.74075976574406,"CA",NA,NA,NA,59.7333333333333
"0922_B","12","1","APC",8.1496911954145,"CA",NA,NA,NA,59.7333333333333
"0922_B","12","2","APC",8.28324463123224,"CA",NA,NA,NA,59.7333333333333
"0922_B","12","3","APC",8.1599739105452,"CA",NA,NA,NA,59.7333333333333
"0922_B","12","1","GN",8.07813890682488,"CA",NA,NA,NA,59.7333333333333
"0922_B","12","2","GN",8.16069494691438,"CA",NA,NA,NA,59.7333333333333
"0922_B","12","3","GN",7.99882300128246,"CA",NA,NA,NA,59.7333333333333
"0922_B","12","1","PC",8.34984183866334,"CA",NA,NA,NA,59.7333333333333
"0922_B","12","2","PC",8.35674198972444,"CA",NA,NA,NA,59.7333333333333
"0922_B","12","3","PC",8.28707870891001,"CA",NA,NA,NA,59.7333333333333
"0922_B","17","1","APC",8.63114729110066,"CA",NA,NA,NA,59.7333333333333
"0922_B","17","2","APC",9.06186460421969,"CA",NA,NA,NA,59.7333333333333
"0922_B","17","3","APC",8.79104604130534,"CA",NA,NA,NA,59.7333333333333
"0922_B","17","1","GN",8.50468203453089,"CA",NA,NA,NA,59.7333333333333
"0922_B","17","2","GN",8.81161290049144,"CA",NA,NA,NA,59.7333333333333
"0922_B","17","3","GN",8.56710933342732,"CA",NA,NA,NA,59.7333333333333
"0922_B","17","1","PC",8.73978351648656,"CA",NA,NA,NA,59.7333333333333
"0922_B","17","2","PC",9.18299927724896,"CA",NA,NA,NA,59.7333333333333
"0922_B","17","3","PC",8.82412250010693,"CA",NA,NA,NA,59.7333333333333
"0922_B","22","1","APC",8.44032286241378,"CA",NA,NA,NA,59.7333333333333
"0922_B","22","2","APC",9.16798375348306,"CA",NA,NA,NA,59.7333333333333
"0922_B","22","3","APC",9.35254636780567,"CA",NA,NA,NA,59.7333333333333
"0922_B","22","1","GN",8.34093823027787,"CA",NA,NA,NA,59.7333333333333
"0922_B","22","2","GN",8.95049980926915,"CA",NA,NA,NA,59.7333333333333
"0922_B","22","3","GN",9.12896390538031,"CA",NA,NA,NA,59.7333333333333
"0922_B","22","1","PC",8.57502143631123,"CA",NA,NA,NA,59.7333333333333
"0922_B","22","2","PC",9.18979928839604,"CA",NA,NA,NA,59.7333333333333
"0922_B","22","3","PC",9.36617241040588,"CA",NA,NA,NA,59.7333333333333
"1022_A","2","1","APC",7.12312632295186,"CA",2,258,103.6,154.4
"1022_A","2","2","APC",6.34416343432609,"CA",2,258,103.6,154.4
"1022_A","2","3","APC",6.61547798305296,"CA",2,258,103.6,154.4
"1022_A","2","1","GN",6.79974347901049,"CA",2,258,103.6,154.4
"1022_A","2","2","GN",6.06050753473153,"CA",2,258,103.6,154.4
"1022_A","2","3","GN",6.29514283219359,"CA",2,258,103.6,154.4
"1022_A","2","1","PC",6.79046993488153,"CA",2,258,103.6,154.4
"1022_A","2","2","PC",6.25711172691776,"CA",2,258,103.6,154.4
"1022_A","2","3","PC",6.53250374798819,"CA",2,258,103.6,154.4
"1022_A","7","1","APC",7.9606543771578,"CA",2,258,103.6,154.4
"1022_A","7","2","APC",8.0241739616512,"CA",2,258,103.6,154.4
"1022_A","7","3","APC",7.96429976766737,"CA",2,258,103.6,154.4
"1022_A","7","1","GN",7.72348886945734,"CA",2,258,103.6,154.4
"1022_A","7","2","GN",7.83290929968086,"CA",2,258,103.6,154.4
"1022_A","7","3","GN",7.7131438287589,"CA",2,258,103.6,154.4
"1022_A","7","1","PC",8.16180804011605,"CA",2,258,103.6,154.4
"1022_A","7","2","PC",8.20948625673737,"CA",2,258,103.6,154.4
"1022_A","7","3","PC",8.27554892851304,"CA",2,258,103.6,154.4
"1022_A","12","1","APC",8.91684931225499,"CA",2,258,103.6,154.4
"1022_A","12","2","APC",8.61815298110709,"CA",2,258,103.6,154.4
"1022_A","12","3","APC",8.66591422412039,"CA",2,258,103.6,154.4
"1022_A","12","1","GN",8.53049117613276,"CA",2,258,103.6,154.4
"1022_A","12","2","GN",8.39876483003839,"CA",2,258,103.6,154.4
"1022_A","12","3","GN",8.46599035605807,"CA",2,258,103.6,154.4
"1022_A","12","1","PC",9.23060255952759,"CA",2,258,103.6,154.4
"1022_A","12","2","PC",8.89897959068278,"CA",2,258,103.6,154.4
"1022_A","12","3","PC",8.87056094362912,"CA",2,258,103.6,154.4
"1022_A","17","1","APC",9.17838446993401,"CA",2,258,103.6,154.4
"1022_A","17","2","APC",9.02264198401543,"CA",2,258,103.6,154.4
"1022_A","17","3","APC",9.2170008818452,"CA",2,258,103.6,154.4
"1022_A","17","1","GN",8.79181877803831,"CA",2,258,103.6,154.4
"1022_A","17","2","GN",8.74219851913323,"CA",2,258,103.6,154.4
"1022_A","17","3","GN",8.81432737147058,"CA",2,258,103.6,154.4
"1022_A","17","1","PC",9.45828581794661,"CA",2,258,103.6,154.4
"1022_A","17","2","PC",9.36869096371613,"CA",2,258,103.6,154.4
"1022_A","17","3","PC",9.50549367135394,"CA",2,258,103.6,154.4
"1022_A","22","1","APC",9.17927048330387,"CA",2,258,103.6,154.4
"1022_A","22","2","APC",9.35086078539444,"CA",2,258,103.6,154.4
"1022_A","22","3","APC",9.58838482459501,"CA",2,258,103.6,154.4
"1022_A","22","1","GN",8.82970420492311,"CA",2,258,103.6,154.4
"1022_A","22","2","GN",8.96931119291058,"CA",2,258,103.6,154.4
"1022_A","22","3","GN",9.17196141022896,"CA",2,258,103.6,154.4
"1022_A","22","1","PC",9.5570695808186,"CA",2,258,103.6,154.4
"1022_A","22","2","PC",9.77787224201374,"CA",2,258,103.6,154.4
"1022_A","22","3","PC",9.96945690797975,"CA",2,258,103.6,154.4
"1022_B","3","1","APC",6.45276389975362,"CA",2,138,78.4333333333333,59.5666666666667
"1022_B","3","2","APC",6.84153961717062,"CA",2,138,78.4333333333333,59.5666666666667
"1022_B","3","3","APC",6.37592029227915,"CA",2,138,78.4333333333333,59.5666666666667
"1022_B","3","1","GN",6.27770544613571,"CA",2,138,78.4333333333333,59.5666666666667
"1022_B","3","2","GN",6.51734175645461,"CA",2,138,78.4333333333333,59.5666666666667
"1022_B","3","3","GN",6.21871437738385,"CA",2,138,78.4333333333333,59.5666666666667
"1022_B","3","1","PC",6.69481603545826,"CA",2,138,78.4333333333333,59.5666666666667
"1022_B","3","2","PC",6.94627496769063,"CA",2,138,78.4333333333333,59.5666666666667
"1022_B","3","3","PC",6.61200948101012,"CA",2,138,78.4333333333333,59.5666666666667
"1022_B","7","1","APC",7.93472339210842,"CA",2,138,78.4333333333333,59.5666666666667
"1022_B","7","2","APC",8.1413546840368,"CA",2,138,78.4333333333333,59.5666666666667
"1022_B","7","3","APC",7.74531563504651,"CA",2,138,78.4333333333333,59.5666666666667
"1022_B","7","1","GN",7.74258776826289,"CA",2,138,78.4333333333333,59.5666666666667
"1022_B","7","2","GN",7.94027657265194,"CA",2,138,78.4333333333333,59.5666666666667
"1022_B","7","3","GN",7.53838467505676,"CA",2,138,78.4333333333333,59.5666666666667
"1022_B","7","1","PC",8.24904915517434,"CA",2,138,78.4333333333333,59.5666666666667
"1022_B","7","2","PC",8.50972772344821,"CA",2,138,78.4333333333333,59.5666666666667
"1022_B","7","3","PC",7.98230772323347,"CA",2,138,78.4333333333333,59.5666666666667
"1022_B","12","1","APC",8.59485829603821,"CA",2,138,78.4333333333333,59.5666666666667
"1022_B","12","2","APC",8.14791222384691,"CA",2,138,78.4333333333333,59.5666666666667
"1022_B","12","3","APC",8.74860043681092,"CA",2,138,78.4333333333333,59.5666666666667
"1022_B","12","1","GN",8.41121389909208,"CA",2,138,78.4333333333333,59.5666666666667
"1022_B","12","2","GN",7.90283363351208,"CA",2,138,78.4333333333333,59.5666666666667
"1022_B","12","3","GN",8.58272834293692,"CA",2,138,78.4333333333333,59.5666666666667
"1022_B","12","1","PC",9.10712547894388,"CA",2,138,78.4333333333333,59.5666666666667
"1022_B","12","2","PC",8.57726069677057,"CA",2,138,78.4333333333333,59.5666666666667
"1022_B","12","3","PC",9.14791697431176,"CA",2,138,78.4333333333333,59.5666666666667
"1022_B","17","1","APC",8.94710740345312,"CA",2,138,78.4333333333333,59.5666666666667
"1022_B","17","2","APC",9.06181653880965,"CA",2,138,78.4333333333333,59.5666666666667
"1022_B","17","3","APC",9.26591239339712,"CA",2,138,78.4333333333333,59.5666666666667
"1022_B","17","1","GN",8.66155009444535,"CA",2,138,78.4333333333333,59.5666666666667
"1022_B","17","2","GN",8.8175141675946,"CA",2,138,78.4333333333333,59.5666666666667
"1022_B","17","3","GN",8.98030275660064,"CA",2,138,78.4333333333333,59.5666666666667
"1022_B","17","1","PC",9.45253856953417,"CA",2,138,78.4333333333333,59.5666666666667
"1022_B","17","2","PC",9.42689801683483,"CA",2,138,78.4333333333333,59.5666666666667
"1022_B","17","3","PC",9.66781097836387,"CA",2,138,78.4333333333333,59.5666666666667
"1022_B","22","1","APC",9.3687670901453,"CA",2,138,78.4333333333333,59.5666666666667
"1022_B","22","2","APC",9.38272819922842,"CA",2,138,78.4333333333333,59.5666666666667
"1022_B","22","3","APC",9.36840570596043,"CA",2,138,78.4333333333333,59.5666666666667
"1022_B","22","1","GN",9.16431921432024,"CA",2,138,78.4333333333333,59.5666666666667
"1022_B","22","2","GN",9.09053706424795,"CA",2,138,78.4333333333333,59.5666666666667
"1022_B","22","3","GN",9.0843424961537,"CA",2,138,78.4333333333333,59.5666666666667
"1022_B","22","1","PC",9.82918265136212,"CA",2,138,78.4333333333333,59.5666666666667
"1022_B","22","2","PC",9.92388736142511,"CA",2,138,78.4333333333333,59.5666666666667
"1022_B","22","3","PC",9.91812199112431,"CA",2,138,78.4333333333333,59.5666666666667
"1122_A","3","1","APC",4.93198943001951,"CA",2,134,87.4666666666667,46.5333333333333
"1122_A","3","2","APC",5.42672799687745,"CA",2,134,87.4666666666667,46.5333333333333
"1122_A","3","3","APC",5.7906670228881,"CA",2,134,87.4666666666667,46.5333333333333
"1122_A","3","1","GN",4.50521120174044,"CA",2,134,87.4666666666667,46.5333333333333
"1122_A","3","2","GN",5.2967684588941,"CA",2,134,87.4666666666667,46.5333333333333
"1122_A","3","3","GN",5.77107146682472,"CA",2,134,87.4666666666667,46.5333333333333
"1122_A","3","1","PC",4.58222638603156,"CA",2,134,87.4666666666667,46.5333333333333
"1122_A","3","2","PC",4.82765285909895,"CA",2,134,87.4666666666667,46.5333333333333
"1122_A","3","3","PC",5.11652060227711,"CA",2,134,87.4666666666667,46.5333333333333
"1122_A","7","1","APC",6.45659831297475,"CA",2,134,87.4666666666667,46.5333333333333
"1122_A","7","2","APC",6.76814830189441,"CA",2,134,87.4666666666667,46.5333333333333
"1122_A","7","3","APC",6.050034245697,"CA",2,134,87.4666666666667,46.5333333333333
"1122_A","7","1","GN",6.00675114312175,"CA",2,134,87.4666666666667,46.5333333333333
"1122_A","7","2","GN",6.62070222428826,"CA",2,134,87.4666666666667,46.5333333333333
"1122_A","7","3","GN",5.83553222724735,"CA",2,134,87.4666666666667,46.5333333333333
"1122_A","7","1","PC",6.4158753187463,"CA",2,134,87.4666666666667,46.5333333333333
"1122_A","7","2","PC",6.75137809164452,"CA",2,134,87.4666666666667,46.5333333333333
"1122_A","7","3","PC",6.0088125089692,"CA",2,134,87.4666666666667,46.5333333333333
"1122_A","12","1","APC",7.03008725737388,"CA",2,134,87.4666666666667,46.5333333333333
"1122_A","12","2","APC",6.5122783096004,"CA",2,134,87.4666666666667,46.5333333333333
"1122_A","12","3","APC",7.49053355025062,"CA",2,134,87.4666666666667,46.5333333333333
"1122_A","12","1","GN",6.86375583560736,"CA",2,134,87.4666666666667,46.5333333333333
"1122_A","12","2","GN",6.16746938935784,"CA",2,134,87.4666666666667,46.5333333333333
"1122_A","12","3","GN",7.22863428420498,"CA",2,134,87.4666666666667,46.5333333333333
"1122_A","12","1","PC",7.06291239873173,"CA",2,134,87.4666666666667,46.5333333333333
"1122_A","12","2","PC",6.34792545381597,"CA",2,134,87.4666666666667,46.5333333333333
"1122_A","12","3","PC",7.62770674327593,"CA",2,134,87.4666666666667,46.5333333333333
"1122_A","17","1","APC",7.59641583921625,"CA",2,134,87.4666666666667,46.5333333333333
"1122_A","17","2","APC",7.23787771016009,"CA",2,134,87.4666666666667,46.5333333333333
"1122_A","17","3","APC",7.077261941387,"CA",2,134,87.4666666666667,46.5333333333333
"1122_A","17","1","GN",7.30537006445887,"CA",2,134,87.4666666666667,46.5333333333333
"1122_A","17","2","GN",7.01868057050206,"CA",2,134,87.4666666666667,46.5333333333333
"1122_A","17","3","GN",6.82521840641389,"CA",2,134,87.4666666666667,46.5333333333333
"1122_A","17","1","PC",7.44724722298345,"CA",2,134,87.4666666666667,46.5333333333333
"1122_A","17","2","PC",7.10255693775807,"CA",2,134,87.4666666666667,46.5333333333333
"1122_A","17","3","PC",6.83664786819467,"CA",2,134,87.4666666666667,46.5333333333333
"1122_A","22","1","APC",7.72583090920633,"CA",2,134,87.4666666666667,46.5333333333333
"1122_A","22","2","APC",7.98709149720258,"CA",2,134,87.4666666666667,46.5333333333333
"1122_A","22","3","APC",7.23669225595212,"CA",2,134,87.4666666666667,46.5333333333333
"1122_A","22","1","GN",7.30716141567555,"CA",2,134,87.4666666666667,46.5333333333333
"1122_A","22","2","GN",7.82273864141814,"CA",2,134,87.4666666666667,46.5333333333333
"1122_A","22","3","GN",7.11930665723426,"CA",2,134,87.4666666666667,46.5333333333333
"1122_A","22","1","PC",8.2993711712493,"CA",2,134,87.4666666666667,46.5333333333333
"1122_A","22","2","PC",7.90191988746577,"CA",2,134,87.4666666666667,46.5333333333333
"1122_A","22","3","PC",7.20097670368558,"CA",2,134,87.4666666666667,46.5333333333333
"1122_B","7","1","APC",6.46420994015386,"GA",NA,NA,NA,9.56666666666667
"1122_B","7","2","APC",6.76311504911809,"GA",NA,NA,NA,9.56666666666667
"1122_B","7","3","APC",6.94872372843407,"GA",NA,NA,NA,9.56666666666667
"1122_B","7","1","GN",6.31124247994531,"GA",NA,NA,NA,9.56666666666667
"1122_B","7","2","GN",6.53333893109963,"GA",NA,NA,NA,9.56666666666667
"1122_B","7","3","GN",6.82591912133845,"GA",NA,NA,NA,9.56666666666667
"1122_B","7","1","PC",6.53309122956167,"GA",NA,NA,NA,9.56666666666667
"1122_B","7","2","PC",7.07082663013858,"GA",NA,NA,NA,9.56666666666667
"1122_B","7","3","PC",7.26240397229589,"GA",NA,NA,NA,9.56666666666667
"1122_B","12","1","APC",7.28484029943556,"GA",NA,NA,NA,9.56666666666667
"1122_B","12","2","APC",7.41514147281268,"GA",NA,NA,NA,9.56666666666667
"1122_B","12","3","APC",7.31461280797359,"GA",NA,NA,NA,9.56666666666667
"1122_B","12","1","GN",7.06730631841281,"GA",NA,NA,NA,9.56666666666667
"1122_B","12","2","GN",7.30868614189839,"GA",NA,NA,NA,9.56666666666667
"1122_B","12","3","GN",7.13804086875605,"GA",NA,NA,NA,9.56666666666667
"1122_B","12","1","PC",7.71180855914997,"GA",NA,NA,NA,9.56666666666667
"1122_B","12","2","PC",7.9756199142341,"GA",NA,NA,NA,9.56666666666667
"1122_B","12","3","PC",7.51680686959347,"GA",NA,NA,NA,9.56666666666667
"1122_B","17","1","APC",7.86369610939408,"GA",NA,NA,NA,9.56666666666667
"1122_B","17","2","APC",7.62090911436355,"GA",NA,NA,NA,9.56666666666667
"1122_B","17","3","APC",8.00645606445089,"GA",NA,NA,NA,9.56666666666667
"1122_B","17","1","GN",7.50354466161144,"GA",NA,NA,NA,9.56666666666667
"1122_B","17","2","GN",7.48663035150111,"GA",NA,NA,NA,9.56666666666667
"1122_B","17","3","GN",7.76857986940039,"GA",NA,NA,NA,9.56666666666667
"1122_B","17","1","PC",8.24170838700575,"GA",NA,NA,NA,9.56666666666667
"1122_B","17","2","PC",7.97206371606155,"GA",NA,NA,NA,9.56666666666667
"1122_B","17","3","PC",8.27311715848361,"GA",NA,NA,NA,9.56666666666667
"1122_B","22","1","APC",8.35048875978619,"GA",NA,NA,NA,9.56666666666667
"1122_B","22","2","APC",7.73221738123077,"GA",NA,NA,NA,9.56666666666667
"1122_B","22","3","APC",8.07935557122835,"GA",NA,NA,NA,9.56666666666667
"1122_B","22","1","GN",8.07312268232,"GA",NA,NA,NA,9.56666666666667
"1122_B","22","2","GN",7.5379521532465,"GA",NA,NA,NA,9.56666666666667
"1122_B","22","3","GN",7.75747543659125,"GA",NA,NA,NA,9.56666666666667
"1122_B","22","1","PC",8.45085930490375,"GA",NA,NA,NA,9.56666666666667
"1122_B","22","2","PC",7.96182789601294,"GA",NA,NA,NA,9.56666666666667
"1122_B","22","3","PC",8.3125897164206,"GA",NA,NA,NA,9.56666666666667
"1222_A","4","1","APC",4.91189536986356,"AZ",10,91,74.5333333333333,16.4666666666667
"1222_A","4","2","APC",6.49810708951701,"AZ",10,91,74.5333333333333,16.4666666666667
"1222_A","4","3","APC",4.77181544728361,"AZ",10,91,74.5333333333333,16.4666666666667
"1222_A","4","1","GN",4.58190167826427,"AZ",10,91,74.5333333333333,16.4666666666667
"1222_A","4","2","GN",6.30353242476731,"AZ",10,91,74.5333333333333,16.4666666666667
"1222_A","4","3","GN",4.56378874129488,"AZ",10,91,74.5333333333333,16.4666666666667
"1222_A","4","1","PC",4.87026913025932,"AZ",10,91,74.5333333333333,16.4666666666667
"1222_A","4","2","PC",6.1178958478054,"AZ",10,91,74.5333333333333,16.4666666666667
"1222_A","4","3","PC",4.64903202270145,"AZ",10,91,74.5333333333333,16.4666666666667
"1222_A","7","1","APC",5.99420863063929,"AZ",10,91,74.5333333333333,16.4666666666667
"1222_A","7","2","APC",6.30798047129518,"AZ",10,91,74.5333333333333,16.4666666666667
"1222_A","7","3","APC",5.92138155796921,"AZ",10,91,74.5333333333333,16.4666666666667
"1222_A","7","1","GN",5.86130096435971,"AZ",10,91,74.5333333333333,16.4666666666667
"1222_A","7","2","GN",6.20152514038089,"AZ",10,91,74.5333333333333,16.4666666666667
"1222_A","7","3","GN",5.80558620080078,"AZ",10,91,74.5333333333333,16.4666666666667
"1222_A","7","1","PC",5.64742114441463,"AZ",10,91,74.5333333333333,16.4666666666667
"1222_A","7","2","PC",6.03615774671698,"AZ",10,91,74.5333333333333,16.4666666666667
"1222_A","7","3","PC",5.30998154038711,"AZ",10,91,74.5333333333333,16.4666666666667
"1222_A","12","1","APC",6.61126514058455,"AZ",10,91,74.5333333333333,16.4666666666667
"1222_A","12","2","APC",7.02432122886385,"AZ",10,91,74.5333333333333,16.4666666666667
"1222_A","12","3","APC",6.92079853164476,"AZ",10,91,74.5333333333333,16.4666666666667
"1222_A","12","1","GN",6.48294666332487,"AZ",10,91,74.5333333333333,16.4666666666667
"1222_A","12","2","GN",6.84822996980817,"AZ",10,91,74.5333333333333,16.4666666666667
"1222_A","12","3","GN",6.68066936511205,"AZ",10,91,74.5333333333333,16.4666666666667
"1222_A","12","1","PC",6.6310091987803,"AZ",10,91,74.5333333333333,16.4666666666667
"1222_A","12","2","PC",6.94403910901534,"AZ",10,91,74.5333333333333,16.4666666666667
"1222_A","12","3","PC",7.21476667282125,"AZ",10,91,74.5333333333333,16.4666666666667
"1222_A","17","1","APC",6.87143057263511,"AZ",10,91,74.5333333333333,16.4666666666667
"1222_A","17","2","APC",7.18530652563458,"AZ",10,91,74.5333333333333,16.4666666666667
"1222_A","17","3","APC",6.80502762098271,"AZ",10,91,74.5333333333333,16.4666666666667
"1222_A","17","1","GN",6.71430715265541,"AZ",10,91,74.5333333333333,16.4666666666667
"1222_A","17","2","GN",7.04319976388927,"AZ",10,91,74.5333333333333,16.4666666666667
"1222_A","17","3","GN",6.68731868599338,"AZ",10,91,74.5333333333333,16.4666666666667
"1222_A","17","1","PC",6.7984096352923,"AZ",10,91,74.5333333333333,16.4666666666667
"1222_A","17","2","PC",7.23981269008955,"AZ",10,91,74.5333333333333,16.4666666666667
"1222_A","17","3","PC",6.68320211979855,"AZ",10,91,74.5333333333333,16.4666666666667
"1222_A","22","1","APC",8.12616421039314,"AZ",10,91,74.5333333333333,16.4666666666667
"1222_A","22","2","APC",7.68106914496921,"AZ",10,91,74.5333333333333,16.4666666666667
"1222_A","22","3","APC",7.28773038209693,"AZ",10,91,74.5333333333333,16.4666666666667
"1222_A","22","1","GN",7.95156794242441,"AZ",10,91,74.5333333333333,16.4666666666667
"1222_A","22","2","GN",7.39275111482136,"AZ",10,91,74.5333333333333,16.4666666666667
"1222_A","22","3","GN",6.95529192218132,"AZ",10,91,74.5333333333333,16.4666666666667
"1222_A","22","1","PC",8.21643442860637,"AZ",10,91,74.5333333333333,16.4666666666667
"1222_A","22","2","PC",7.56323849635905,"AZ",10,91,74.5333333333333,16.4666666666667
"1222_A","22","3","PC",7.28773038209693,"AZ",10,91,74.5333333333333,16.4666666666667
"1222_B","2","1","APC",5.3648329704063,"AZ",7,110.833333333333,83.6333333333333,27.2
"1222_B","2","2","APC",5.07295683456835,"AZ",7,110.833333333333,83.6333333333333,27.2
"1222_B","2","3","APC",5.39550860150585,"AZ",7,110.833333333333,83.6333333333333,27.2
"1222_B","2","1","GN",5.19289767112177,"AZ",7,110.833333333333,83.6333333333333,27.2
"1222_B","2","2","GN",5.06622345190938,"AZ",7,110.833333333333,83.6333333333333,27.2
"1222_B","2","3","GN",5.27812300278799,"AZ",7,110.833333333333,83.6333333333333,27.2
"1222_B","2","1","PC",5.59821963341641,"AZ",7,110.833333333333,83.6333333333333,27.2
"1222_B","2","2","PC",5.40617151360374,"AZ",7,110.833333333333,83.6333333333333,27.2
"1222_B","2","3","PC",5.52044733811415,"AZ",7,110.833333333333,83.6333333333333,27.2
"1222_B","7","1","APC",6.58102207070443,"AZ",7,110.833333333333,83.6333333333333,27.2
"1222_B","7","2","APC",6.29061325145297,"AZ",7,110.833333333333,83.6333333333333,27.2
"1222_B","7","3","APC",6.34894378256991,"AZ",7,110.833333333333,83.6333333333333,27.2
"1222_B","7","1","GN",6.36502530832813,"AZ",7,110.833333333333,83.6333333333333,27.2
"1222_B","7","2","GN",6.07356338471838,"AZ",7,110.833333333333,83.6333333333333,27.2
"1222_B","7","3","GN",6.11118063049398,"AZ",7,110.833333333333,83.6333333333333,27.2
"1222_B","7","1","PC",7.11634563543902,"AZ",7,110.833333333333,83.6333333333333,27.2
"1222_B","7","2","PC",6.78041553793172,"AZ",7,110.833333333333,83.6333333333333,27.2
"1222_B","7","3","PC",7.67905158951688,"AZ",7,110.833333333333,83.6333333333333,27.2
"1222_B","12","1","APC",7.3752931243705,"AZ",7,110.833333333333,83.6333333333333,27.2
"1222_B","12","2","APC",6.55815413836688,"AZ",7,110.833333333333,83.6333333333333,27.2
"1222_B","12","3","APC",6.85792357075892,"AZ",7,110.833333333333,83.6333333333333,27.2
"1222_B","12","1","GN",7.02831928565129,"AZ",7,110.833333333333,83.6333333333333,27.2
"1222_B","12","2","GN",6.33986519951674,"AZ",7,110.833333333333,83.6333333333333,27.2
"1222_B","12","3","GN",6.63879767947803,"AZ",7,110.833333333333,83.6333333333333,27.2
"1222_B","12","1","PC",8.07089648795657,"AZ",7,110.833333333333,83.6333333333333,27.2
"1222_B","12","2","PC",7.38206287931119,"AZ",7,110.833333333333,83.6333333333333,27.2
"1222_B","12","3","PC",7.3640966225364,"AZ",7,110.833333333333,83.6333333333333,27.2
"1222_B","17","1","APC",7.46693146042061,"AZ",7,110.833333333333,83.6333333333333,27.2
"1222_B","17","2","APC",7.64674214039437,"AZ",7,110.833333333333,83.6333333333333,27.2
"1222_B","17","3","APC",7.85621202866943,"AZ",7,110.833333333333,83.6333333333333,27.2
"1222_B","17","1","GN",7.41602562612636,"AZ",7,110.833333333333,83.6333333333333,27.2
"1222_B","17","2","GN",7.25101228652745,"AZ",7,110.833333333333,83.6333333333333,27.2
"1222_B","17","3","GN",7.62329785290292,"AZ",7,110.833333333333,83.6333333333333,27.2
"1222_B","17","1","PC",8.04358687197448,"AZ",7,110.833333333333,83.6333333333333,27.2
"1222_B","17","2","PC",8.1753440584776,"AZ",7,110.833333333333,83.6333333333333,27.2
"1222_B","17","3","PC",8.49991294436324,"AZ",7,110.833333333333,83.6333333333333,27.2
"1222_B","22","1","APC",8.04670252002057,"AZ",7,110.833333333333,83.6333333333333,27.2
"1222_B","22","2","APC",7.78956158319832,"AZ",7,110.833333333333,83.6333333333333,27.2
"1222_B","22","3","APC",7.61020590799025,"AZ",7,110.833333333333,83.6333333333333,27.2
"1222_B","22","1","GN",7.76444652523167,"AZ",7,110.833333333333,83.6333333333333,27.2
"1222_B","22","2","GN",7.59767605695941,"AZ",7,110.833333333333,83.6333333333333,27.2
"1222_B","22","3","GN",7.25802338987889,"AZ",7,110.833333333333,83.6333333333333,27.2
"1222_B","22","1","PC",8.8809520943031,"AZ",7,110.833333333333,83.6333333333333,27.2
"1222_B","22","2","PC",8.21045991367914,"AZ",7,110.833333333333,83.6333333333333,27.2
"1222_B","22","3","PC",8.24814015594679,"AZ",7,110.833333333333,83.6333333333333,27.2
